Date,Open,High,Low,Close,Volume
3/3/2015 16:00:00,22.42,22.54,22.11,22.18,4008638
3/4/2015 16:00:00,22.1,22.48,22.01,22.43,5670997
3/5/2015 16:00:00,22.42,22.9,22.37,22.86,8076425
3/6/2015 16:00:00,22.73,22.84,22.53,22.55,6434807
3/9/2015 16:00:00,22.56,22.78,22.51,22.61,5559693
3/10/2015 16:00:00,22.71,23.15,22.67,23,13180267
3/11/2015 16:00:00,23,23.3,22.82,22.88,6552965
3/12/2015 16:00:00,22.65,22.83,22.24,22.67,10174260
3/13/2015 16:00:00,22.57,22.76,22.25,22.7,8982188
3/16/2015 16:00:00,22.86,23.11,22.73,22.97,5923864
3/17/2015 16:00:00,22.9,23.26,22.76,23.25,7498556
3/18/2015 16:00:00,23.27,23.37,22.66,22.87,10346084
3/19/2015 16:00:00,22.97,23.3,22.78,23.22,7768859
3/20/2015 16:00:00,23.42,23.61,23.19,23.47,11552119
3/23/2015 16:00:00,22.77,23.07,22.7,22.71,10650277
3/24/2015 16:00:00,22.62,22.8,22.3,22.4,8262025
3/25/2015 16:00:00,22.36,22.39,20.97,21.04,13563840
3/26/2015 16:00:00,20.61,21.06,20.46,20.97,7797997
3/27/2015 16:00:00,21.01,21.46,20.75,21.38,7957152
3/30/2015 16:00:00,21.48,21.58,21.2,21.47,6331256
3/31/2015 16:00:00,21.41,21.43,20.91,20.93,8931942
4/1/2015 16:00:00,21,21.08,20.65,21.01,8269223
4/2/2015 16:00:00,21.16,21.19,20.88,21.06,4805086
4/6/2015 16:00:00,20.96,21.74,20.75,21.67,12896584
4/7/2015 16:00:00,21.67,22.1,21.55,21.86,10349069
4/8/2015 16:00:00,21.88,22.1,21.67,22.02,9160786
4/9/2015 16:00:00,21.87,22.6,21.84,22.53,9485827
4/10/2015 16:00:00,22.58,22.77,22.47,22.76,6468219
4/13/2015 16:00:00,22.67,22.84,22.45,22.55,5918106
4/14/2015 16:00:00,22.44,22.55,22.14,22.36,5506852
4/15/2015 16:00:00,22.4,22.8,22.31,22.63,6088960
4/16/2015 16:00:00,22.5,22.69,22.33,22.49,3882058
4/17/2015 16:00:00,22.06,22.42,22.01,22.2,7340917
4/20/2015 16:00:00,22.27,22.44,22.05,22.09,5790646
4/21/2015 16:00:00,22.18,22.36,21.95,22.06,5761365
4/22/2015 16:00:00,22.19,22.34,21.85,22.31,5185481
4/23/2015 16:00:00,21.89,22.43,21.65,22.22,6484469
4/24/2015 16:00:00,22.22,22.22,21.78,22.03,6023972
4/27/2015 16:00:00,22.15,22.59,21.91,22.2,6211356
4/28/2015 16:00:00,22.16,22.39,21.95,22.31,5862106
4/29/2015 16:00:00,22.15,22.37,22.05,22.14,4878919
4/30/2015 16:00:00,22.03,22.31,21.98,22.2,5471083
5/1/2015 16:00:00,22.38,22.82,22.28,22.75,6424185
5/4/2015 16:00:00,22.7,22.88,22.54,22.61,5018024
5/5/2015 16:00:00,22.51,22.56,21.93,22.03,7323195
5/6/2015 16:00:00,22.15,22.36,21.81,22.1,7912111
5/7/2015 16:00:00,22,22.56,21.94,22.49,13364077
5/8/2015 16:00:00,21.01,21.84,20.49,20.83,28663778
5/11/2015 16:00:00,20.57,20.84,20.38,20.63,13603644
5/12/2015 16:00:00,20.47,21,20.47,20.83,9719994
5/13/2015 16:00:00,20.98,21.14,20.75,20.95,7713070
5/14/2015 16:00:00,21.01,21.4,20.96,21.29,7326280
5/15/2015 16:00:00,21.38,21.48,21.17,21.3,5395619
5/18/2015 16:00:00,21.25,21.4,21.15,21.27,8124292
5/19/2015 16:00:00,21.2,21.27,21,21.04,6345222
5/20/2015 16:00:00,21.04,21.3,21.02,21.04,4920581
5/21/2015 16:00:00,21.08,21.14,20.87,20.89,5992250
5/22/2015 16:00:00,20.93,21.02,20.81,20.86,5315282
5/26/2015 16:00:00,20.9,20.9,20.57,20.73,6493277
5/27/2015 16:00:00,20.87,21.94,20.8,21.84,10808271
5/28/2015 16:00:00,21.8,22.21,21.8,22.14,8191431
5/29/2015 16:00:00,22.14,22.28,22.1,22.13,8379244
6/1/2015 16:00:00,22.28,22.6,22.13,22.38,9316504
6/2/2015 16:00:00,22.29,22.36,21.92,21.94,5607582
6/3/2015 16:00:00,21.97,22.17,21.66,21.7,6269692
6/4/2015 16:00:00,21.77,22.16,21.57,22.09,8092765
6/5/2015 16:00:00,22.02,22.36,21.79,22.26,7833001
6/8/2015 16:00:00,22.2,22.34,21.5,21.75,8570301
6/9/2015 16:00:00,21.79,22.02,21.73,21.86,6422222
6/10/2015 16:00:00,21.62,21.74,21.35,21.47,13236526
6/11/2015 16:00:00,21.49,21.85,21.47,21.7,7076296
6/12/2015 16:00:00,21.55,21.69,21.06,21.11,8093164
6/15/2015 16:00:00,21.01,21.17,20.84,21.07,7663673
6/16/2015 16:00:00,21.01,21.36,20.82,21.33,6422253
6/17/2015 16:00:00,21.33,21.7,21.27,21.58,5838648
6/18/2015 16:00:00,21.77,22.08,21.7,21.94,7485090
6/19/2015 16:00:00,21.96,22.12,21.67,21.87,8891427
6/22/2015 16:00:00,21.92,22.03,21.45,21.78,12855929
6/23/2015 16:00:00,21.8,21.99,21.05,21.22,10351627
6/24/2015 16:00:00,21.17,21.3,20.91,21.01,6334204
6/25/2015 16:00:00,21.01,21.3,21.01,21.17,8761548
6/26/2015 16:00:00,21,21.17,20.65,20.74,10532373
6/29/2015 16:00:00,20.46,20.71,20.09,20.12,9793096
6/30/2015 16:00:00,20.23,20.33,19.97,20.11,7897857
7/1/2015 16:00:00,20.61,20.9,20.22,20.4,7573001
7/2/2015 16:00:00,20.39,20.55,20.29,20.42,3644115
7/6/2015 16:00:00,20.25,20.53,20.02,20.17,5369413
7/7/2015 16:00:00,20.05,20.13,19.16,19.79,14856327
7/8/2015 16:00:00,19.68,19.8,19.49,19.65,8312287
7/9/2015 16:00:00,19.96,20.05,19.29,19.41,8939745
7/10/2015 16:00:00,19.66,19.93,19.61,19.75,5417717
7/13/2015 16:00:00,19.95,19.99,19.75,19.88,5311791
7/14/2015 16:00:00,19.91,19.93,19.63,19.89,6230429
7/15/2015 16:00:00,19.84,19.97,19.57,19.75,6643348
7/16/2015 16:00:00,19.87,20.19,19.8,20.19,7072291
7/17/2015 16:00:00,20.12,20.14,19.81,20.07,5509308
7/20/2015 16:00:00,20.07,20.15,19.65,19.7,4710259
7/21/2015 16:00:00,19.66,20.07,19.66,19.79,3743010
7/22/2015 16:00:00,19.65,19.65,19.17,19.41,8911819
7/23/2015 16:00:00,19.45,19.94,19.41,19.65,4247872
7/24/2015 16:00:00,19.79,19.81,19.34,19.42,4721099
7/27/2015 16:00:00,19.25,19.53,19.09,19.31,4810520
7/28/2015 16:00:00,19.36,19.86,19.16,19.73,4957733
7/29/2015 16:00:00,19.69,20.13,19.61,19.97,5817033
7/30/2015 16:00:00,19.92,20.22,19.92,20.02,4754479
7/31/2015 16:00:00,20.1,20.11,19.83,19.95,5459211
8/3/2015 16:00:00,20.11,20.31,19.85,20.29,9928278
8/4/2015 16:00:00,20.22,20.43,20.14,20.37,6502514
8/5/2015 16:00:00,20.87,20.89,20.54,20.58,5865652
8/6/2015 16:00:00,20.53,20.68,20.11,20.45,16391890
8/7/2015 16:00:00,22.46,23.37,21.88,22.98,35131171
8/10/2015 16:00:00,22.82,23.95,22.68,23.78,16557636
8/11/2015 16:00:00,23.43,23.89,23.43,23.66,10875209
8/12/2015 16:00:00,23.28,23.89,23.28,23.72,9602012
8/13/2015 16:00:00,23.75,23.8,23.46,23.52,6922146
8/14/2015 16:00:00,23.5,23.68,23.36,23.54,5366261
8/17/2015 16:00:00,23.5,23.5,23.1,23.39,6846973
8/18/2015 16:00:00,23.22,23.38,22.9,23.08,7177055
8/19/2015 16:00:00,23.05,23.31,22.74,22.99,6231842
8/20/2015 16:00:00,22.73,22.84,22.05,22.16,10673329
8/21/2015 16:00:00,22,22.37,21.45,21.47,9566639
8/24/2015 16:00:00,20.27,21.83,20,20.71,17057073
8/25/2015 16:00:00,21.62,21.7,20.28,20.28,15567110
8/26/2015 16:00:00,20.94,21.83,20.78,21.81,15374439
8/27/2015 16:00:00,22.04,22.64,21.91,22.63,11594083
8/28/2015 16:00:00,22.63,22.87,22.47,22.73,8023632
8/31/2015 16:00:00,22.62,22.78,22.39,22.48,5483810
9/1/2015 16:00:00,21.83,22.2,21.4,21.56,8835220
9/2/2015 16:00:00,22.15,22.22,21.78,22.21,8601065
9/3/2015 16:00:00,22.54,22.65,22.23,22.27,6563938
9/4/2015 16:00:00,21.89,22.24,21.74,21.75,7200245
9/8/2015 16:00:00,22.28,22.77,22.19,22.68,5961218
9/9/2015 16:00:00,22.75,22.94,22.18,22.23,7234849
9/10/2015 16:00:00,22.1,22.86,22,22.58,8926896
9/11/2015 16:00:00,22.33,22.8,22.24,22.65,7539608
9/14/2015 16:00:00,22.76,22.83,22.57,22.69,4811636
9/15/2015 16:00:00,22.7,23.06,22.63,22.94,8199412
9/16/2015 16:00:00,22.9,23.23,22.73,23.1,4337684
9/17/2015 16:00:00,23.5,23.71,23.26,23.31,6717769
9/18/2015 16:00:00,22.99,23.49,22.85,23.29,8160255
9/21/2015 16:00:00,23.32,23.58,23.2,23.53,7046616
9/22/2015 16:00:00,23.02,23.18,22.77,22.89,5708923
9/23/2015 16:00:00,22.91,23.14,22.82,23,4040849
9/24/2015 16:00:00,22.86,23.68,22.5,23.44,9561031
9/25/2015 16:00:00,23.73,24.07,23.38,23.61,9242268
9/28/2015 16:00:00,23.61,23.76,23.15,23.3,9889576
9/29/2015 16:00:00,23.55,23.75,23.22,23.71,9518373
9/30/2015 16:00:00,23.93,24.68,23.79,24.65,13909541
10/1/2015 16:00:00,24.65,24.72,23.47,24.17,12232427
10/2/2015 16:00:00,24.04,24.8,23.79,24.8,9653639
10/5/2015 16:00:00,24.96,25.73,24.83,25.42,12050571
10/6/2015 16:00:00,25.15,25.86,25.05,25.75,11360526
10/7/2015 16:00:00,25.81,26.28,25.39,26.02,7753799
10/8/2015 16:00:00,25.91,26.24,25.47,26.17,11501741
10/9/2015 16:00:00,26.03,26.28,25.58,26.07,10581210
10/12/2015 16:00:00,26.1,26.5,25.91,26.35,5689727
10/13/2015 16:00:00,26.14,26.56,26.05,26.4,7461071
10/14/2015 16:00:00,26.43,27.79,26.4,27.36,15304756
10/15/2015 16:00:00,27.41,27.99,27.13,27.43,13151151
10/16/2015 16:00:00,27.52,28.12,27.45,27.86,11209897
10/19/2015 16:00:00,27.95,28.08,27.49,27.81,7367780
10/20/2015 16:00:00,27.69,27.9,27.48,27.77,6620614
10/21/2015 16:00:00,27.94,28.11,27.36,27.41,9667049
10/22/2015 16:00:00,27.73,28.49,27.69,28.4,7672091
10/23/2015 16:00:00,28.65,28.78,28.22,28.59,9544357
10/26/2015 16:00:00,28.61,28.68,28.2,28.46,6185935
10/27/2015 16:00:00,28.32,28.62,28.3,28.44,5206678
10/28/2015 16:00:00,28.62,28.67,28.2,28.67,5425852
10/29/2015 16:00:00,28.21,28.5,27.63,27.68,8179177
10/30/2015 16:00:00,27.98,28.57,27.77,28.37,7528965
11/2/2015 16:00:00,28.46,28.73,28.29,28.7,4752197
11/3/2015 16:00:00,28.53,28.69,28.18,28.5,9419230
11/4/2015 16:00:00,28.42,28.63,27.9,28.03,11056571
11/5/2015 16:00:00,28.17,28.25,27.63,27.71,11969974
11/6/2015 16:00:00,30.45,31.94,29.82,31.55,29306777
11/9/2015 16:00:00,31.24,31.5,30.97,31.41,12314225
11/10/2015 16:00:00,31,31.17,30.15,30.81,13806497
11/11/2015 16:00:00,30.83,31.05,30.4,30.51,15503157
11/12/2015 16:00:00,30.44,30.72,30.27,30.4,7277017
11/13/2015 16:00:00,30.43,30.56,29.65,29.8,7323501
11/16/2015 16:00:00,30.19,30.42,29.95,30.4,8607008
11/17/2015 16:00:00,30.48,30.66,30.27,30.4,6426235
11/18/2015 16:00:00,30.41,31.07,30.08,31.03,8755358
11/19/2015 16:00:00,31.14,31.43,30.89,31.12,6351803
11/20/2015 16:00:00,31.35,31.57,31.16,31.39,5993587
11/23/2015 16:00:00,31.65,31.65,30.81,30.92,6063751
11/24/2015 16:00:00,30.92,31.44,30.78,31.17,4885692
11/25/2015 16:00:00,31.11,31.48,31.02,31.13,3457476
11/27/2015 16:00:00,31.19,31.49,31.03,31.39,2175202
11/30/2015 16:00:00,31.42,31.86,31.39,31.72,8181080
12/1/2015 16:00:00,32,32.78,31.97,32.75,10237433
12/2/2015 16:00:00,32.8,33.14,32.43,32.5,7356004
12/3/2015 16:00:00,32.76,33.1,32.27,32.43,6166405
12/4/2015 16:00:00,32.43,33.81,32.43,33.75,11468924
12/7/2015 16:00:00,33.74,33.74,33.01,33.11,8339679
12/8/2015 16:00:00,32.7,33.7,32.49,33.56,7862233
12/9/2015 16:00:00,33.55,33.75,32.37,32.71,9316871
12/10/2015 16:00:00,32.81,33.16,32.7,32.98,5914923
12/11/2015 16:00:00,32.65,32.88,32.42,32.49,5683038
12/14/2015 16:00:00,32.52,32.75,32.18,32.57,6908645
12/15/2015 16:00:00,32.94,33.2,32.76,32.97,7682354
12/16/2015 16:00:00,33.04,33.28,32.75,33.17,5908874
12/17/2015 16:00:00,33.22,33.56,32.65,32.67,6354044
12/18/2015 16:00:00,32.44,32.77,32.1,32.14,9897424
12/21/2015 16:00:00,32.49,32.93,32.2,32.9,7105373
12/22/2015 16:00:00,33,33.26,32.73,32.93,3250269
12/23/2015 16:00:00,32.98,33.19,32.92,33.06,3063139
12/24/2015 16:00:00,32.96,33.25,32.91,33.17,1311231
12/28/2015 16:00:00,32.82,33.14,32.36,33.14,3550703
12/29/2015 16:00:00,33.16,33.78,33.07,33.68,5091512
12/30/2015 16:00:00,33.65,33.94,33.38,33.39,4508570
12/31/2015 16:00:00,33.34,33.49,32.96,32.96,3713202
1/4/2016 16:00:00,32.29,32.58,32.04,32.37,8951907
1/5/2016 16:00:00,32.98,33.44,32.5,32.89,12256814
1/6/2016 16:00:00,32.35,32.5,31.16,31.53,11233604
1/7/2016 16:00:00,30.74,30.95,29.88,30.28,16132575
1/8/2016 16:00:00,30.67,30.7,29.57,29.63,9961782
1/11/2016 16:00:00,29.66,29.89,29.15,29.68,10235095
1/12/2016 16:00:00,30.21,30.62,29.97,30.18,11733893
1/13/2016 16:00:00,30.41,30.61,29.23,29.26,12041762
1/14/2016 16:00:00,28.66,29,27.82,28.67,15005864
1/15/2016 16:00:00,27.52,27.85,26.64,27.11,21036303
1/19/2016 16:00:00,27.67,28.45,27.22,27.33,11428537
1/20/2016 16:00:00,26.81,27.83,26.45,27.48,12029457
1/21/2016 16:00:00,27.78,28.23,27.21,27.8,12036422
1/22/2016 16:00:00,28.33,28.64,28.27,28.45,6450312
1/25/2016 16:00:00,28.44,28.77,28.36,28.42,6768203
1/26/2016 16:00:00,28.48,28.82,28.19,28.7,5699182
1/27/2016 16:00:00,28.66,28.75,27.82,28.36,5792528
1/28/2016 16:00:00,28.59,28.69,27.5,28.05,6919451
1/29/2016 16:00:00,28.29,29.35,28.18,29.29,7762622
2/1/2016 16:00:00,29.26,29.45,29.01,29.3,7247099
2/2/2016 16:00:00,29,29.15,27.86,28.06,8547710
2/3/2016 16:00:00,28.28,28.45,27.55,28.2,8169351
2/4/2016 16:00:00,28.24,28.85,27.93,28.21,8703450
2/5/2016 16:00:00,28.02,28.33,26.35,26.43,15010685
2/8/2016 16:00:00,26.03,26.16,24.85,25.22,15221320
2/9/2016 16:00:00,24.92,26.55,24.8,25.49,10634314
2/10/2016 16:00:00,25.65,26.39,25.29,25.43,8394980
2/11/2016 16:00:00,24.78,25.56,24.78,25.3,8503635
2/12/2016 16:00:00,25.7,25.78,24.75,25.73,8520367
2/16/2016 16:00:00,26.1,27.03,26.02,26.99,12133795
2/17/2016 16:00:00,27.33,27.92,27.22,27.66,19286666
2/18/2016 16:00:00,29.93,30.98,29.9,30.04,26716489
2/19/2016 16:00:00,29.88,30.71,29.65,30.44,13140732
2/22/2016 16:00:00,30.88,31.87,30.82,31.52,11241697
2/23/2016 16:00:00,31.27,31.9,31.12,31.6,9234450
2/24/2016 16:00:00,31.47,31.87,30.6,31.82,8421336
2/25/2016 16:00:00,31.94,32.05,31.32,31.89,8740367
2/26/2016 16:00:00,32.04,32.12,31.36,31.68,9049073
2/29/2016 16:00:00,31.61,32.02,31.34,31.36,8083618
3/1/2016 16:00:00,31.44,32.75,31.39,32.75,8717512
3/2/2016 16:00:00,32.57,33.06,32.51,32.94,5845933
3/3/2016 16:00:00,32.9,33.04,32.21,32.65,7550088
3/4/2016 16:00:00,32.9,32.93,32.3,32.55,4382634
3/7/2016 16:00:00,32.37,32.59,31.92,32.34,6005495
3/8/2016 16:00:00,32.01,32.2,31.65,31.75,6873478
3/9/2016 16:00:00,32.03,32.08,31.32,31.73,5569737
3/10/2016 16:00:00,31.92,32.1,31.04,31.68,7152137
3/11/2016 16:00:00,32.15,32.23,31.77,32.22,6934986
3/14/2016 16:00:00,32.07,32.43,31.92,32.3,4757868
3/15/2016 16:00:00,32.13,32.34,31.57,32.14,5655420
3/16/2016 16:00:00,31.9,33.21,31.75,33.1,9091068
3/17/2016 16:00:00,32.98,33.14,32.37,32.82,3014629
3/18/2016 16:00:00,33.21,34.25,33,33.81,13637802
3/21/2016 16:00:00,33.51,33.92,33.15,33.91,8444539
3/22/2016 16:00:00,33.8,34.09,33.43,33.85,6050266
3/23/2016 16:00:00,34,34.68,33.85,34.43,10725171
3/24/2016 16:00:00,34.12,34.54,34.01,34.48,6123854
3/28/2016 16:00:00,34.42,34.98,34.38,34.83,6634700
3/29/2016 16:00:00,34.68,35.47,34.6,35.39,6545266
3/30/2016 16:00:00,35.52,36.25,35.5,35.76,9417474
3/31/2016 16:00:00,35.92,36,35.35,35.63,9497052
4/1/2016 16:00:00,35.41,36.17,35.14,36.15,8707319
4/4/2016 16:00:00,36.45,36.64,35.66,35.8,9848551
4/5/2016 16:00:00,35.48,36.08,35.34,35.75,8489215
4/6/2016 16:00:00,35.3,35.82,34.63,35.8,11334379
4/7/2016 16:00:00,35.57,35.89,35.28,35.43,9452644
4/8/2016 16:00:00,35.72,35.95,35.31,35.66,6398373
4/11/2016 16:00:00,35.87,36.47,35.76,35.88,9688098
4/12/2016 16:00:00,36,36.05,35.14,35.84,7319077
4/13/2016 16:00:00,36,36.75,36,36.74,8767861
4/14/2016 16:00:00,36.64,37,36.49,36.84,10414131
4/15/2016 16:00:00,36.83,37.46,36.71,37.13,10924273
4/18/2016 16:00:00,37.06,37.06,36.61,36.97,7683044
4/19/2016 16:00:00,37.11,37.18,36.08,36.31,7728777
4/20/2016 16:00:00,36.25,36.67,36.21,36.45,5004434
4/21/2016 16:00:00,36.46,36.63,36.25,36.41,4456989
4/22/2016 16:00:00,36.53,36.78,36.15,36.27,5588539
4/25/2016 16:00:00,36.28,36.65,36.18,36.45,4799765
4/26/2016 16:00:00,36.67,37.09,36.32,36.48,5363364
4/27/2016 16:00:00,36.39,37.33,36.32,37.31,8809858
4/28/2016 16:00:00,37.08,37.3,36.11,36.2,9530551
4/29/2016 16:00:00,36.05,36.13,35.14,35.53,8047562
5/2/2016 16:00:00,35.87,36.22,35.7,36,6401920
5/3/2016 16:00:00,35.59,35.74,35.26,35.57,5600585
5/4/2016 16:00:00,35.14,35.17,34.4,34.76,13144065
5/5/2016 16:00:00,35.05,35.38,34.71,34.97,6172113
5/6/2016 16:00:00,34.91,35.42,34.84,35.33,4581000
5/9/2016 16:00:00,35.42,35.57,34.99,35.28,8333411
5/10/2016 16:00:00,35.5,36.02,35.16,35.96,6741929
5/11/2016 16:00:00,36.07,36.46,35.87,36.06,8204441
5/12/2016 16:00:00,36.32,36.48,34.93,35.57,16763533
5/13/2016 16:00:00,39.19,41,39,40.98,52756404
5/16/2016 16:00:00,40.67,42.8,40.54,42.19,24325757
5/17/2016 16:00:00,42,42.58,41.46,42.28,15709762
5/18/2016 16:00:00,42,43.85,42,43.36,13526797
5/19/2016 16:00:00,43.19,43.86,43.13,43.55,9971981
5/20/2016 16:00:00,43.82,44.51,43.75,44.33,9777090
5/23/2016 16:00:00,44.52,44.69,44.13,44.4,10340877
5/24/2016 16:00:00,44.42,45.5,44.3,45.36,10394721
5/25/2016 16:00:00,45.5,45.69,44.81,45.17,11469411
5/26/2016 16:00:00,45.25,45.98,45.12,45.65,7749081
5/27/2016 16:00:00,45.7,45.97,45.55,45.9,6935389
5/31/2016 16:00:00,46.1,46.82,46.07,46.72,10313131
6/1/2016 16:00:00,46.5,47.26,46.36,46.81,9678267
6/2/2016 16:00:00,47.06,47.54,46.6,47.14,8230202
6/3/2016 16:00:00,46.68,46.74,45.66,46.48,11526864
6/6/2016 16:00:00,46.6,46.96,46,46.24,8062841
6/7/2016 16:00:00,46.52,46.78,46.31,46.33,4835017
6/8/2016 16:00:00,46.34,46.51,45.8,46.18,5865431
6/9/2016 16:00:00,46.02,47.45,45.92,47.38,11804167
6/10/2016 16:00:00,46.82,47.24,46.14,46.2,10000592
6/13/2016 16:00:00,46.25,47.7,46.25,46.79,11889674
6/14/2016 16:00:00,46.68,47.1,46.16,46.88,7458639
6/15/2016 16:00:00,47.27,47.77,46.75,47.36,7525868
6/16/2016 16:00:00,47.01,47.63,46.55,47.55,6161428
6/17/2016 16:00:00,47.61,47.62,46.53,46.72,11775048
6/20/2016 16:00:00,47.47,48.17,47.44,47.56,7344230
6/21/2016 16:00:00,47.76,47.89,47.2,47.27,5312661
6/22/2016 16:00:00,47.37,47.68,47.15,47.23,5065516
6/23/2016 16:00:00,47.68,48.54,47.65,48.49,7446994
6/24/2016 16:00:00,46.5,47.36,45.3,45.73,25442111
6/27/2016 16:00:00,45.35,45.7,44.57,45.24,11258487
6/28/2016 16:00:00,46.1,46.15,45.27,45.9,9547980
6/29/2016 16:00:00,46.3,47.01,46.18,46.65,7973264
6/30/2016 16:00:00,46.73,47.3,46.35,47.01,10773475
7/1/2016 16:00:00,46.75,47.36,46.5,46.66,5462198
7/5/2016 16:00:00,46.4,47.43,46.03,47.35,9277061
7/6/2016 16:00:00,47.02,47.93,46.78,47.65,6827594
7/7/2016 16:00:00,47.97,49.06,47.75,48.89,9884992
7/8/2016 16:00:00,49.41,51.09,49.22,50.85,12048273
7/11/2016 16:00:00,51.58,52.4,51.52,52.02,11219437
7/12/2016 16:00:00,52.6,53.28,51.94,52.8,10919045
7/13/2016 16:00:00,52.9,53.2,52.7,52.78,8115130
7/14/2016 16:00:00,53.06,53.8,52.62,53.32,7922283
7/15/2016 16:00:00,52.64,52.94,51.84,52.7,10715357
7/18/2016 16:00:00,53.35,53.43,52.77,52.97,6324838
7/19/2016 16:00:00,52.94,53.73,52.84,53.52,9566250
7/20/2016 16:00:00,53.7,54.51,53.48,54.22,7411502
7/21/2016 16:00:00,54.1,54.27,53.04,53.22,9032697
7/22/2016 16:00:00,53.41,54.67,53.02,54.67,7894165
7/25/2016 16:00:00,55,55.81,54.76,55.68,7813211
7/26/2016 16:00:00,56.17,56.92,56.09,56.63,12862739
7/27/2016 16:00:00,57.12,57.22,55.72,56.06,11166886
7/28/2016 16:00:00,56.19,56.6,56.01,56.18,5547934
7/29/2016 16:00:00,56.39,57.25,55.38,57.1,10239664
8/1/2016 16:00:00,57.34,57.55,56.36,56.73,7527970
8/2/2016 16:00:00,57,57.03,55.5,56.04,7068720
8/3/2016 16:00:00,55.97,56.3,55.66,56.19,7495709
8/4/2016 16:00:00,56.46,57.49,56.35,57.23,6817803
8/5/2016 16:00:00,57.89,58.23,57.61,58.2,9289735
8/8/2016 16:00:00,59,59.14,58.12,58.74,7626603
8/9/2016 16:00:00,59.03,59.46,58.74,58.89,9308559
8/10/2016 16:00:00,59.41,59.5,58.32,58.51,9393453
8/11/2016 16:00:00,58.82,59.95,58.7,59.7,17026556
8/12/2016 16:00:00,61.9,63.38,60.63,63.04,35643642
8/15/2016 16:00:00,63.11,63.5,62.13,62.98,14332617
8/16/2016 16:00:00,62.89,62.99,62.41,62.6,7191345
8/17/2016 16:00:00,62.6,62.74,60.66,61.15,14880304
8/18/2016 16:00:00,61.06,62.2,60.82,62.1,8292095
8/19/2016 16:00:00,62.07,62.73,61.8,62.26,7288978
8/22/2016 16:00:00,62.45,62.61,61.71,62.52,6118683
8/23/2016 16:00:00,63.04,63.32,62.73,62.91,8494058
8/24/2016 16:00:00,63.13,63.16,61.65,61.94,7461244
8/25/2016 16:00:00,61.96,61.99,60.76,61.53,10150783
8/26/2016 16:00:00,61.69,62.38,61.2,62.03,7500624
8/29/2016 16:00:00,62.28,62.53,61.89,61.99,6866279
8/30/2016 16:00:00,61.91,62.24,61.46,61.63,7138622
8/31/2016 16:00:00,61.75,61.92,61.16,61.34,9713642
9/1/2016 16:00:00,61.39,63.38,61.34,63.15,10712305
9/2/2016 16:00:00,63.28,63.35,61.82,62.53,8078742
9/6/2016 16:00:00,62.75,63.12,62.43,63.12,7670320
9/7/2016 16:00:00,62.92,63.23,61.83,62.19,9949700
9/8/2016 16:00:00,62.13,62.74,61.42,62.64,7895219
9/9/2016 16:00:00,61.95,62.3,59,59.52,17443966
9/12/2016 16:00:00,58.73,60.87,57.32,60.75,14956524
9/13/2016 16:00:00,60.6,61.3,59.53,59.87,11794183
9/14/2016 16:00:00,60.01,60.6,59.51,60.4,7984326
9/15/2016 16:00:00,60.5,62.76,60.36,62.69,12884799
9/16/2016 16:00:00,62.91,63.25,62.12,62.84,22561149
9/19/2016 16:00:00,63.5,65.26,63.21,63.67,10428207
9/20/2016 16:00:00,64.4,64.4,62.74,63.09,8277832
9/21/2016 16:00:00,63.28,64.98,63.27,64.86,8405337
9/22/2016 16:00:00,65.24,65.44,64.65,65.02,7718287
9/23/2016 16:00:00,65.1,65.29,64.66,64.95,6903344
9/26/2016 16:00:00,64.21,64.6,63.53,64.34,5751035
9/27/2016 16:00:00,64.09,66.64,64.06,66.54,10068769
9/28/2016 16:00:00,66.64,66.83,65.93,66.78,7994701
9/29/2016 16:00:00,66.67,67.61,66.05,67.4,8417136
9/30/2016 16:00:00,67.77,69.19,67.37,68.52,10748304
10/3/2016 16:00:00,68.52,69.51,68.33,68.45,6064853
10/4/2016 16:00:00,68.55,69.7,67.79,68.3,7040645
10/5/2016 16:00:00,68.88,69.58,68.02,68.23,7636009
10/6/2016 16:00:00,67.41,67.83,66.26,67.34,9005317
10/7/2016 16:00:00,67.79,67.97,66.66,66.85,7156502
10/10/2016 16:00:00,67.2,67.56,66.47,67.1,7196868
10/11/2016 16:00:00,66.88,66.98,65.62,66.13,9713476
10/12/2016 16:00:00,65.86,66.78,65.31,66.43,10498025
10/13/2016 16:00:00,65.65,65.8,63.7,65.35,9752910
10/14/2016 16:00:00,66.15,66.6,65.6,65.99,8265851
10/17/2016 16:00:00,65.98,66.6,65.52,65.61,4883160
10/18/2016 16:00:00,66.52,66.99,66.25,66.61,6734274
10/19/2016 16:00:00,66.16,66.78,65.82,66.47,4976462
10/20/2016 16:00:00,67.25,67.95,66.3,67.73,7802072
10/21/2016 16:00:00,67.49,67.66,66.9,67.54,6987654
10/24/2016 16:00:00,68,70.79,67.99,70.71,8495946
10/25/2016 16:00:00,70.59,72.3,70.25,71.87,9936532
10/26/2016 16:00:00,71.27,72.95,71.2,72.16,8344781
10/27/2016 16:00:00,72.71,72.85,70.39,70.68,9716622
10/28/2016 16:00:00,71.02,72.1,70.43,70.56,7271374
10/31/2016 16:00:00,70.79,71.63,70.75,71.16,6309718
11/1/2016 16:00:00,71.42,71.81,68.29,69.05,11830629
11/2/2016 16:00:00,69.58,70.52,68.64,68.76,7396231
11/3/2016 16:00:00,69.08,69.14,66.64,67.96,7741593
11/4/2016 16:00:00,67.51,68.73,66.58,67.57,8219490
11/7/2016 16:00:00,69.55,71.72,69.5,71.27,12189524
11/8/2016 16:00:00,71.54,71.77,70.5,71.16,10747107
11/9/2016 16:00:00,69.23,70.9,68.72,69.96,11413254
11/10/2016 16:00:00,71.49,71.5,66.76,67.77,21732039
11/11/2016 16:00:00,79.51,88.77,78.5,87.97,54383633
11/14/2016 16:00:00,88.09,88.19,83.62,83.64,33719913
11/15/2016 16:00:00,84.29,87.45,83.93,86.19,15652258
11/16/2016 16:00:00,87.34,92.56,86.35,91.63,24699644
11/17/2016 16:00:00,92.31,94.79,90.65,92.39,20824744
11/18/2016 16:00:00,92.39,94.33,91.8,93.36,14401499
11/21/2016 16:00:00,94.09,94.35,92.4,92.98,10910868
11/22/2016 16:00:00,93.3,93.74,92.38,93.65,8259232
11/23/2016 16:00:00,93.72,95.25,92.77,93.97,11080857
11/25/2016 16:00:00,94.42,95.1,93.41,94.16,4889078
11/28/2016 16:00:00,93.87,94.74,93.6,94.11,6968370
11/29/2016 16:00:00,94,94.44,92.53,93.25,11114187
11/30/2016 16:00:00,93.6,94.16,92.1,92.2,11012545
12/1/2016 16:00:00,92.1,92.17,84.77,87.64,25888074
12/2/2016 16:00:00,86.25,88.8,85.12,88.45,11957300
12/5/2016 16:00:00,89.99,92.61,89,91.88,15057125
12/6/2016 16:00:00,92.21,93.73,91.57,93.39,12469875
12/7/2016 16:00:00,92.84,95.3,92.1,95.07,12020093
12/8/2016 16:00:00,95.19,96.62,93.05,93.48,9538602
12/9/2016 16:00:00,94.2,94.27,90.71,91.82,9557799
12/12/2016 16:00:00,89.85,89.95,87.54,89.59,15033300
12/13/2016 16:00:00,90.09,92.29,90.05,91.17,9694874
12/14/2016 16:00:00,92.54,97.11,91.57,96.45,24599538
12/15/2016 16:00:00,96.9,99.94,96.6,98.71,18663653
12/16/2016 16:00:00,99.83,100.7,97.73,100.41,27238183
12/19/2016 16:00:00,99.7,102.45,99,101.63,18616431
12/20/2016 16:00:00,104.58,106.13,104.12,105.17,21201433
12/21/2016 16:00:00,105.64,105.95,103.71,105.83,14403361
12/22/2016 16:00:00,106.82,108.87,106.53,107.11,17965259
12/23/2016 16:00:00,106.38,109.84,106.27,109.78,16192331
12/27/2016 16:00:00,112.06,117.36,111.22,117.32,29856842
12/28/2016 16:00:00,119.6,119.93,108.69,109.25,57394116
12/29/2016 16:00:00,104.9,111.49,102.8,111.43,54384182
12/30/2016 16:00:00,111.35,111.92,106.3,106.74,30323259
1/3/2017 16:00:00,104.4,106.37,99.38,102.01,37549876
1/4/2017 16:00:00,103.4,105.5,101.53,104.39,29980506
1/5/2017 16:00:00,104.53,105.82,101.05,101.74,24607382
1/6/2017 16:00:00,102.85,104.25,101.2,103.1,20571416
1/9/2017 16:00:00,103.5,108,103.5,107.28,22906225
1/10/2017 16:00:00,107.81,109.19,105.63,106.47,22022969
1/11/2017 16:00:00,106,106.2,104.15,105.16,13141588
1/12/2017 16:00:00,104.23,104.7,101.62,103.44,15640414
1/13/2017 16:00:00,103.6,105,103.06,103.43,11445543
1/17/2017 16:00:00,103,103.2,100.57,101.11,14515259
1/18/2017 16:00:00,100.24,103.23,99.11,102.95,16360615
1/19/2017 16:00:00,103.07,106.46,102.98,105.16,16121778
1/20/2017 16:00:00,106.08,106.8,103.12,104.01,12300557
1/23/2017 16:00:00,103.8,105.9,103.7,105.09,9247639
1/24/2017 16:00:00,105.5,107.58,104.9,107.33,10701271
1/25/2017 16:00:00,109.05,109.3,106.33,107.79,13084499
1/26/2017 16:00:00,107.9,109.95,106.7,109.65,11469970
1/27/2017 16:00:00,109.93,111.89,108.85,111.77,11799929
1/30/2017 16:00:00,110.92,111.01,107.91,110.02,12400084
1/31/2017 16:00:00,108.95,110.05,108.2,109.18,9068865
2/1/2017 16:00:00,110.58,114.12,109.86,113.95,14750082
2/2/2017 16:00:00,113.3,115.74,112.06,115.39,12081040
2/3/2017 16:00:00,115.45,115.9,113.9,114.38,9318633
2/6/2017 16:00:00,114,117.33,114,117.31,12669205
2/7/2017 16:00:00,118.7,120.92,117.9,119.13,18655567
2/8/2017 16:00:00,118.4,119.31,116.38,118.61,11239487
2/9/2017 16:00:00,118.86,119.06,115.6,116.38,21064178
2/10/2017 16:00:00,119.93,120.7,112.6,113.62,41277341
2/13/2017 16:00:00,113.39,113.98,108.2,108.38,29518071
2/14/2017 16:00:00,107.99,110.15,106.29,108.78,21265787
2/15/2017 16:00:00,108.9,109.8,107.76,109,9325512
2/16/2017 16:00:00,109.39,109.44,105.66,107.25,16179386
2/17/2017 16:00:00,106.7,107.41,104.79,107.23,14093465
2/21/2017 16:00:00,108.23,111.23,108.22,111.07,13798783
2/22/2017 16:00:00,111.42,111.8,109.99,110.76,10844256
2/23/2017 16:00:00,105.5,106.39,99.68,100.49,39822213
2/24/2017 16:00:00,97.07,102,95.7,101.46,25747597
2/27/2017 16:00:00,102.2,105.02,101.56,104.41,17885019
2/28/2017 16:00:00,104.8,105.2,100.78,101.48,15633968
3/1/2017 16:00:00,103.79,104.37,101.11,102.79,12620139
3/2/2017 16:00:00,102.27,102.84,98.89,99,18858278
3/3/2017 16:00:00,98.57,98.77,96.22,98.43,21636424
3/6/2017 16:00:00,96.96,98.1,95.17,97.67,22089169
3/7/2017 16:00:00,97.67,99.53,97.15,98.74,15085007
3/8/2017 16:00:00,100.7,101.3,98.47,98.56,15967822
3/9/2017 16:00:00,97.91,99.45,97.4,98.54,11951471
3/10/2017 16:00:00,99.61,100.09,98.38,99.12,12493513
3/13/2017 16:00:00,100.63,102.25,99.51,101.85,19353402
3/14/2017 16:00:00,102.37,102.75,100.47,101.78,13050415
3/15/2017 16:00:00,102.25,102.99,100.32,102.55,15375852
3/16/2017 16:00:00,102.98,103.83,102.41,103.81,13077495
3/17/2017 16:00:00,104.52,106.12,103.81,106.07,27992169
3/20/2017 16:00:00,106.78,109.61,106.13,109.45,18714152
3/21/2017 16:00:00,108.75,109.96,105.59,105.91,22837103
3/22/2017 16:00:00,105.46,108.26,105.3,108.07,15419106
3/23/2017 16:00:00,107.75,108.56,106.7,107.09,13348542
3/24/2017 16:00:00,108.97,109.29,106.42,107.47,10987546
3/27/2017 16:00:00,105.58,108.41,103.58,108.25,12666100
3/28/2017 16:00:00,108.3,108.89,107.27,107.69,10811109
3/29/2017 16:00:00,107.99,108.49,107.25,107.34,8749791
3/30/2017 16:00:00,107.63,110,107.4,109.4,13138349
3/31/2017 16:00:00,109.01,109.89,108.4,108.93,11020165
4/3/2017 16:00:00,108.95,109.65,107.42,108.38,11130813
4/4/2017 16:00:00,103.4,104.42,100.34,100.78,31782004
4/5/2017 16:00:00,100.02,102.37,99.5,100.03,18676232
4/6/2017 16:00:00,100.24,101.25,98.41,100.76,15878004
4/7/2017 16:00:00,101.02,101.73,99.72,100.33,10726650
4/10/2017 16:00:00,100.36,100.63,97.6,97.77,18908264
4/11/2017 16:00:00,96.55,98.9,96.35,98.12,15453747
4/12/2017 16:00:00,98.12,98.7,97.1,97.31,10352296
4/13/2017 16:00:00,96.33,97.21,95.49,95.49,12672345
4/17/2017 16:00:00,96.01,99.24,95.8,99.23,12432305
4/18/2017 16:00:00,98.65,99.54,97.6,99.29,9252944
4/19/2017 16:00:00,100,100.98,99.41,99.68,9520659
4/20/2017 16:00:00,100.27,101.45,99.41,101.26,10100358
4/21/2017 16:00:00,100.84,101.79,100.36,101.68,8547390
4/24/2017 16:00:00,102.96,103.48,102.11,102.95,9295490
4/25/2017 16:00:00,103.54,105.33,102.67,104.74,9710972
4/26/2017 16:00:00,105.29,105.39,103.94,104.02,8175145
4/27/2017 16:00:00,104.32,105.98,103.59,105.64,7992465
4/28/2017 16:00:00,105.36,105.64,104.07,104.3,8706157
5/1/2017 16:00:00,104.74,106.85,104.45,106.64,7693333
5/2/2017 16:00:00,105.55,105.6,102.56,103.48,15749327
5/3/2017 16:00:00,103.2,104.64,102.6,104.25,8422633
5/4/2017 16:00:00,104.5,104.95,103.53,103.85,5244692
5/5/2017 16:00:00,103.38,104.15,102.75,103.86,5710736
5/8/2017 16:00:00,104.34,104.4,102.31,102.77,9130990
5/9/2017 16:00:00,103,104.93,102.66,102.94,21191792
5/10/2017 16:00:00,114.29,121.82,114.02,121.29,53227434
5/11/2017 16:00:00,120.05,130.43,119.91,126.5,48494808
5/12/2017 16:00:00,126.63,129.6,125.78,127.89,24065459
5/15/2017 16:00:00,129.56,134.41,129.38,134.31,27188548
5/16/2017 16:00:00,136.38,137.44,133.36,136.81,28017471
5/17/2017 16:00:00,134.1,134.86,127.55,127.72,31784158
5/18/2017 16:00:00,129.5,133.43,127.05,133.07,28900757
5/19/2017 16:00:00,137.03,138.22,135.22,136,25459271
5/22/2017 16:00:00,137.77,139.48,137.33,138.9,20915225
5/23/2017 16:00:00,139.7,139.79,135.71,137.03,17031247
5/24/2017 16:00:00,140.96,141.07,138.08,138.57,20434495
5/25/2017 16:00:00,140,140.03,136.44,138.26,15205701
5/26/2017 16:00:00,137.93,145.28,137.11,141.84,19478497
5/30/2017 16:00:00,143.7,146.29,143.05,144.87,24741298
5/31/2017 16:00:00,146.69,147,142.05,144.35,22182894
6/1/2017 16:00:00,144.99,145.03,142.52,144.36,12583467
6/2/2017 16:00:00,144.24,145.3,143.4,143.64,12186434
6/5/2017 16:00:00,142.98,148.53,142.51,148.01,20434442
6/6/2017 16:00:00,147.82,149.69,146.8,147.34,18968189
6/7/2017 16:00:00,148.33,149.88,147.7,149.12,15315293
6/8/2017 16:00:00,153.46,160,151.79,159.94,29043605
6/9/2017 16:00:00,164.74,168.5,142.75,149.6,92323196
6/12/2017 16:00:00,145.88,151.7,142.11,149.97,42438280
6/13/2017 16:00:00,154.4,154.77,145.65,151.4,41812580
6/14/2017 16:00:00,151.52,154.06,148.5,151.72,29616036
6/15/2017 16:00:00,146.96,153.6,146.5,152.37,24095612
6/16/2017 16:00:00,152.76,154.7,150.24,151.62,23123950
6/19/2017 16:00:00,153.41,157.53,153.26,157.32,19454439
6/20/2017 16:00:00,159.03,161.74,156.92,157.09,27386086
6/21/2017 16:00:00,158.21,159.62,155.7,159.47,17066279
6/22/2017 16:00:00,159.8,160.34,157.4,158.37,11728324
6/23/2017 16:00:00,158.68,159.32,153.22,153.83,27214702
6/26/2017 16:00:00,155.16,156.6,148.33,152.15,26598996
6/27/2017 16:00:00,151.44,151.79,146.35,146.58,24987313
6/28/2017 16:00:00,149.32,151.94,145.75,151.75,24873679
6/29/2017 16:00:00,150.6,150.72,144.08,146.68,26610631
6/30/2017 16:00:00,147.38,147.93,143.5,144.56,18276526
7/3/2017 16:00:00,145.05,145.65,138.58,139.33,17726821
7/5/2017 16:00:00,141.9,144.22,141.13,143.05,20504738
7/6/2017 16:00:00,141.87,145.38,139.76,143.48,18657132
7/7/2017 16:00:00,145.78,147.5,144.85,146.76,16374302
7/10/2017 16:00:00,149.74,154,148.68,153.7,23962269
7/11/2017 16:00:00,153.85,156.19,152.15,155.88,18948883
7/12/2017 16:00:00,158.3,163,156.56,162.51,28630213
7/13/2017 16:00:00,163,166.3,158.75,160.63,34228333
7/14/2017 16:00:00,161.29,165.01,161.01,164.95,23548708
7/17/2017 16:00:00,166.33,167.5,161.75,164.25,23269759
7/18/2017 16:00:00,161.78,166.55,161.3,165.96,19415987
7/19/2017 16:00:00,166.33,167.4,164.61,165.1,17176140
7/20/2017 16:00:00,165.93,167.51,163.91,167.5,17489889
7/21/2017 16:00:00,166.67,169.3,166.09,168.1,16208257
7/24/2017 16:00:00,168.39,168.78,165.72,166.15,16313052
7/25/2017 16:00:00,165.22,165.93,163.58,165.35,12413896
7/26/2017 16:00:00,167.68,169.93,165.85,167.26,16010113
7/27/2017 16:00:00,168.27,168.74,157.56,161.74,19571379
7/28/2017 16:00:00,160.29,165.38,159.28,164.39,12833737
7/31/2017 16:00:00,164.94,166.4,160.62,162.51,13991802
8/1/2017 16:00:00,162.13,164.56,161,164.49,10784578
8/2/2017 16:00:00,165.75,165.91,161.27,164.39,11961082
8/3/2017 16:00:00,164.37,166.63,163.68,166.48,11060541
8/4/2017 16:00:00,167.4,170.07,166.48,167.21,14727353
8/7/2017 16:00:00,168.39,172.37,168,172.35,17935280
8/8/2017 16:00:00,173.89,174.56,168.71,170.3,18883354
8/9/2017 16:00:00,168.43,172.21,167.67,172.11,13269623
8/10/2017 16:00:00,172.16,172.66,164.33,164.74,33202199
8/11/2017 16:00:00,157.14,159,152.91,155.96,37429859
8/14/2017 16:00:00,159.67,168.55,159.2,168.4,31975541
8/15/2017 16:00:00,168.61,169.67,165.59,166.98,19113263
8/16/2017 16:00:00,167.59,168.54,163.84,165.15,14915786
8/17/2017 16:00:00,164.81,165.5,161.38,161.47,13136065
8/18/2017 16:00:00,163.67,164.36,159.64,161.5,15030107
8/21/2017 16:00:00,162.49,162.95,157.37,159.15,15591767
8/22/2017 16:00:00,160.49,162.79,159.71,162.55,11261403
8/23/2017 16:00:00,161.2,166.25,160.85,165.8,14487996
8/24/2017 16:00:00,167.1,167.28,164.12,165.19,11742501
8/25/2017 16:00:00,166.17,166.58,163.55,163.81,8930022
8/28/2017 16:00:00,164.58,165.1,162.33,164.97,9737393
8/29/2017 16:00:00,162.59,165.58,162.26,164.7,8102357
8/30/2017 16:00:00,165.5,166.13,164.27,165.68,9610039
8/31/2017 16:00:00,166.5,169.6,166.2,169.44,15317105
9/1/2017 16:00:00,169.95,171.9,169.6,170.46,11135787
9/5/2017 16:00:00,168.38,168.58,163.56,165.91,17417392
9/6/2017 16:00:00,167.24,167.8,164.4,165.81,9941783
9/7/2017 16:00:00,166.49,167.89,164.95,166.58,8821702
9/8/2017 16:00:00,166.11,166.71,162.71,163.69,12471422
9/11/2017 16:00:00,165.54,169.43,165.32,169,14186078
9/12/2017 16:00:00,170,170,166.97,169.61,10287203
9/13/2017 16:00:00,168.59,171.54,167.28,170.37,14523973
9/14/2017 16:00:00,168.79,172.56,167.8,169.4,12842837
9/15/2017 16:00:00,172.86,180.11,172.65,180.11,34119764
9/18/2017 16:00:00,185.14,191.2,184.86,187.55,42111516
9/19/2017 16:00:00,185.51,189.85,184.62,187.35,21856994
9/20/2017 16:00:00,187.5,189.42,184.21,185.84,18122991
9/21/2017 16:00:00,181.64,182.7,177.61,180.76,26889994
9/22/2017 16:00:00,180.3,182.31,178.6,179,12280771
9/25/2017 16:00:00,177.75,177.8,170.16,171,21864476
9/26/2017 16:00:00,176.45,178.68,170.35,171.96,28140511
9/27/2017 16:00:00,175.62,176.27,172.75,175.73,17842967
9/28/2017 16:00:00,176.02,176.18,173.76,175.68,10881065
9/29/2017 16:00:00,179.08,179.73,177.25,178.77,15477293
10/2/2017 16:00:00,180.8,181.98,177,179,12586960
10/3/2017 16:00:00,179.25,180.58,177.58,179.37,9758268
10/4/2017 16:00:00,179.62,181.77,178.14,180.87,10696220
10/5/2017 16:00:00,181.86,182,179.56,180.77,10934105
10/6/2017 16:00:00,179.65,181.84,179,181.3,7969957
10/9/2017 16:00:00,182.79,186.73,182.03,185.39,14087272
10/10/2017 16:00:00,191.43,192.95,187.26,188.93,24371902
10/11/2017 16:00:00,189.6,191,187.74,190.94,13237734
10/12/2017 16:00:00,191.08,193.09,189.93,191.03,13207315
10/13/2017 16:00:00,193.55,195,191.65,194.59,15718233
10/16/2017 16:00:00,195.8,198.05,193.24,197.93,14415958
10/17/2017 16:00:00,197.09,198.9,196.35,197.75,11964867
10/18/2017 16:00:00,198.11,198.14,193.32,197.58,14182907
10/19/2017 16:00:00,194.44,198,192.45,197.8,14269253
10/20/2017 16:00:00,198.49,199.59,196.54,196.9,11290462
10/23/2017 16:00:00,197.78,198.85,195.8,196.62,10717376
10/24/2017 16:00:00,196.99,198.75,195.94,198.68,10181132
10/25/2017 16:00:00,197.08,199.22,191.17,193.66,20704030
10/26/2017 16:00:00,194.78,196.16,193.81,195.69,8068563
10/27/2017 16:00:00,197.8,201.87,196.75,201.86,14304835
10/30/2017 16:00:00,201.86,206.09,201.22,203.84,12601417
10/31/2017 16:00:00,205.13,207.89,204.9,206.81,10297707
11/1/2017 16:00:00,209.35,209.97,204.6,207.2,12564446
11/2/2017 16:00:00,206,207.81,203.65,205.94,8557738
11/3/2017 16:00:00,207.2,208.69,205.34,208.69,8841024
11/6/2017 16:00:00,207.2,209.98,206.7,209.63,9748616
11/7/2017 16:00:00,210.55,212.9,210.06,212.03,10692542
11/8/2017 16:00:00,211.85,212,207.24,209.16,13074705
11/9/2017 16:00:00,205.27,206.33,200.37,205.32,24464067
11/10/2017 16:00:00,213.08,218.67,211.63,216.14,31331374
11/13/2017 16:00:00,216.14,217.17,212.01,212.63,14559413
11/14/2017 16:00:00,213,214.8,211.23,214.18,13232319
11/15/2017 16:00:00,211.95,212,207.8,209.98,12548731
11/16/2017 16:00:00,212.98,214.2,211.25,211.61,11044183
11/17/2017 16:00:00,213.92,215.35,210.75,211.36,12891568
11/20/2017 16:00:00,211.99,214.57,210.5,214.08,9902511
11/21/2017 16:00:00,215.69,216.52,214.4,216.05,9979358
11/22/2017 16:00:00,217,217,213.61,214.93,8915998
11/24/2017 13:00:00,215.59,217,214.6,216.96,4518800
11/27/2017 16:00:00,217.31,217.36,214.01,214.14,10572364
11/28/2017 16:00:00,214.35,214.73,208.24,210.71,12818804
11/29/2017 16:00:00,210.01,210.12,191.23,196.42,34919741
11/30/2017 16:00:00,199.2,202.68,196.65,200.71,20594199
12/1/2017 16:00:00,199.31,200.13,192.47,197.68,20288748
12/4/2017 16:00:00,200.05,200.3,184.5,186.66,31021123
12/5/2017 16:00:00,182.4,192.7,180.58,187.74,24537194
12/6/2017 16:00:00,185.7,190.14,184.84,189.26,11675760
12/7/2017 16:00:00,191.96,193.6,190.12,191.99,13564988
12/8/2017 16:00:00,194.01,194.78,191.15,191.49,11671856
12/11/2017 16:00:00,192.06,194.78,191.42,194.66,9318741
12/12/2017 16:00:00,192.9,193.84,189.89,190.84,11375445
12/13/2017 16:00:00,192.5,192.55,185.88,186.18,13856992
12/14/2017 16:00:00,185.92,189.34,184.6,186.47,10954056
12/15/2017 16:00:00,188.25,192.38,185.62,191.56,16750878
12/18/2017 16:00:00,193.2,198.02,192,197.9,11942558
12/19/2017 16:00:00,197.52,197.73,194.96,196.11,9327493
12/20/2017 16:00:00,197.7,198.07,194.55,196.8,7220456
12/21/2017 16:00:00,196.94,197.95,195.55,195.89,7522626
12/22/2017 16:00:00,194.4,195.65,191.25,195.27,11656871
12/26/2017 16:00:00,193.03,197.75,191.82,197.44,8877033
12/27/2017 16:00:00,196.9,199.97,196.31,197.17,8237223
12/28/2017 16:00:00,198.13,199.38,197.15,197.4,6006248
12/29/2017 16:00:00,198.46,198.46,193.5,193.5,6999116
1/2/2018 16:00:00,195.78,199.5,194.5,199.35,8890417
1/3/2018 16:00:00,204.1,213.7,203.75,212.47,22867591
1/4/2018 16:00:00,215.76,218.05,212.69,213.59,14581720
1/5/2018 16:00:00,214.19,216.91,211.08,215.4,14503103
1/8/2018 16:00:00,220.4,225,218.58,222,22030422
1/9/2018 16:00:00,222.22,223.82,218.64,221.94,12424995
1/10/2018 16:00:00,218.2,223.82,216,223.68,14566626
1/11/2018 16:00:00,225,226.27,223.21,224.08,10150767
1/12/2018 16:00:00,223.6,224.99,221.34,222.98,8997902
1/16/2018 16:00:00,224.05,227.51,216.69,220.11,17558687
1/17/2018 16:00:00,220.7,225.12,216.9,224.72,13460222
1/18/2018 16:00:00,223.94,226.64,222.68,224.44,10215841
1/19/2018 16:00:00,228.09,231.09,227,230.11,15234486
1/22/2018 16:00:00,230.43,233.76,228.1,233.69,13773561
1/23/2018 16:00:00,235.85,239.83,235.1,238.91,11880705
1/24/2018 16:00:00,239.04,240.49,233.55,235.8,14499309
1/25/2018 16:00:00,238,239.75,235.75,236.35,10247091
1/26/2018 16:00:00,238.12,243.34,237.6,243.33,12908854
1/29/2018 16:00:00,242.74,248.11,240.61,246.85,11377853
1/30/2018 16:00:00,241.11,246.42,238.41,242.72,14270844
1/31/2018 16:00:00,245.77,249.27,244.45,245.8,11964444
2/1/2018 16:00:00,238.52,246.9,238.06,240.5,12980572
2/2/2018 16:00:00,237,237.97,231.17,233.52,17961555
2/5/2018 16:00:00,227,233.23,205,213.7,29130140
2/6/2018 16:00:00,204.4,225.7,204,225.58,27870031
2/7/2018 16:00:00,229.58,234.97,226.7,228.8,20073316
2/8/2018 16:00:00,233.88,235.22,217.51,217.52,28599976
2/9/2018 16:00:00,238.25,238.89,217.52,232.08,41865077
2/12/2018 16:00:00,235.36,235.48,225.03,228.03,27329342
2/13/2018 16:00:00,226.56,234.5,225.25,232.63,15638119
2/14/2018 16:00:00,231,242.59,230.55,241.42,18624749
2/15/2018 16:00:00,244.79,248.37,241.52,246.5,17472515
2/16/2018 16:00:00,245.4,250,243.47,243.84,15941426
2/20/2018 16:00:00,244.75,251.87,244.6,249.08,17155962
2/21/2018 16:00:00,251.69,251.97,241.36,241.51,22307344
2/22/2018 16:00:00,242.73,245.63,239.5,242.15,13359133
2/23/2018 16:00:00,244.57,245.93,242.52,245.93,10382510
2/26/2018 16:00:00,247.8,247.98,244.06,246.58,11732844
2/27/2018 16:00:00,245.5,248.91,245.13,246.06,11385899
2/28/2018 16:00:00,246.5,248.1,241.53,242,13077878
3/1/2018 16:00:00,241.91,244.09,228.12,232.21,26002972
3/2/2018 16:00:00,227.86,236.8,221.85,236.54,22835685
3/5/2018 16:00:00,234.51,237.25,229.52,235.65,15519413
3/6/2018 16:00:00,239.1,242.94,237.36,242.16,15920243
3/7/2018 16:00:00,238,243.95,237.95,241.84,14530226
3/8/2018 16:00:00,242.95,242.95,239.39,241.18,10297761
3/9/2018 16:00:00,243.1,245.85,242.45,245.33,12638148
3/12/2018 16:00:00,247,253,246.67,249.76,15126541
3/13/2018 16:00:00,251.49,254.5,246.04,247.71,15494309
3/14/2018 16:00:00,249.45,250.55,246.22,248.74,12637361
3/15/2018 16:00:00,249.29,252.62,247.64,249.34,10048837
3/16/2018 16:00:00,250,251.25,248.48,250.48,9986432
3/19/2018 16:00:00,248.18,249.35,237,241,17844338
3/20/2018 16:00:00,241.12,251.15,241.12,249.58,13867409
3/21/2018 16:00:00,249.32,252,247.33,248.56,10967216
3/22/2018 16:00:00,246,247.88,240.34,241.85,13779919
3/23/2018 16:00:00,242.4,242.67,232.52,232.97,18390461
3/26/2018 16:00:00,238,244.53,235.9,244.48,15285640
3/27/2018 16:00:00,247.75,250,219.85,225.52,35225012
3/28/2018 16:00:00,224.13,229.39,217,221.35,23647648
3/29/2018 16:00:00,224.11,235.5,220.7,231.59,22915692
4/2/2018 16:00:00,228.74,234.65,217.5,221.05,23052315
4/3/2018 16:00:00,227.8,230.35,221.35,225.35,16685759
4/4/2018 16:00:00,215.01,226.66,214,226.24,19729161
4/5/2018 16:00:00,228.6,229.13,218.49,221.38,17530973
4/6/2018 16:00:00,217.23,221.6,213.07,214.25,16574720
4/9/2018 16:00:00,216.8,221.97,214.6,215.41,12488120
4/10/2018 16:00:00,224.72,229,222.41,227.91,19118807
4/11/2018 16:00:00,227.31,228.98,224.92,226.24,11506057
4/12/2018 16:00:00,230,235.32,228.21,234.6,14847950
4/13/2018 16:00:00,237.17,237.51,229.55,231.5,12575892
4/16/2018 16:00:00,231.77,232.84,227.68,231.49,8769776
4/17/2018 16:00:00,233.6,238.4,231.35,237.54,11180638
4/18/2018 16:00:00,235.5,239.25,232.77,236.37,9784058
4/19/2018 16:00:00,231.75,233.1,226.8,229.04,11799933
4/20/2018 16:00:00,228.69,232.1,227.45,228.71,9654966
4/23/2018 16:00:00,229.43,231.5,222.83,223.88,10687723
4/24/2018 16:00:00,224.92,228.8,218.56,221.2,10364894
4/25/2018 16:00:00,220,221.58,210.3,216.66,14712343
4/26/2018 16:00:00,223.2,225.55,220.53,225.22,9395574
4/27/2018 16:00:00,229.5,230.3,224.62,226.33,10021245
4/30/2018 16:00:00,226.99,229,224.12,224.9,8196067
5/1/2018 16:00:00,224.57,227.25,222.2,227.14,6344727
5/2/2018 16:00:00,227,228.8,225.25,226.31,6706185
5/3/2018 16:00:00,227.6,234.05,225.77,232.99,11078640
5/4/2018 16:00:00,231.83,239.19,231.13,239.06,10016538
5/7/2018 16:00:00,243.29,250.99,242.89,248.68,17190378
5/8/2018 16:00:00,248.69,250.51,246.71,250.4,12665374
5/9/2018 16:00:00,251.21,255.87,250.11,255.78,14918980
5/10/2018 16:00:00,257.92,260.5,257.2,260.13,24852029
5/11/2018 16:00:00,252.78,259.79,250.54,254.53,30361406
5/14/2018 16:00:00,256.07,258.49,254.4,255.36,13078477
5/15/2018 16:00:00,252.79,252.9,241.5,245.56,24088210
5/16/2018 16:00:00,244,248.52,242.51,246.01,13845706
5/17/2018 16:00:00,246.08,251.5,245.43,247.71,12994605
5/18/2018 16:00:00,249.81,252.37,245.74,245.94,12092942
5/21/2018 16:00:00,249.88,250.03,240.49,244.24,16015620
5/22/2018 16:00:00,244.78,245.8,240.25,242.7,12956637
5/23/2018 16:00:00,240.28,247.59,240.25,247.54,11073926
5/24/2018 16:00:00,247.39,249.4,245.24,247.69,10934295
5/25/2018 16:00:00,248.2,249.94,246.76,249.28,7302782
5/29/2018 16:00:00,248.55,251.34,246.7,248.59,8817083
5/30/2018 16:00:00,249.95,253.34,248.95,252.99,9774864
5/31/2018 16:00:00,251.7,255.2,251.27,252.19,12346709
6/1/2018 16:00:00,254,257.87,253.65,257.62,10549248
6/4/2018 16:00:00,259,265.74,257.7,264.85,16050641
6/5/2018 16:00:00,264.98,266.59,263.17,265.07,9792801
6/6/2018 16:00:00,261.43,265.28,260.77,265.15,9283856
6/7/2018 16:00:00,265,265.48,259.25,262.9,9236216
6/8/2018 16:00:00,259.96,264,259.2,262.28,9011443
6/11/2018 16:00:00,261.77,263.45,260.1,260.62,6634253
6/12/2018 16:00:00,261.69,263.07,259.66,262.58,7978985
6/13/2018 16:00:00,262.64,265.67,262.03,262.4,8455159
6/14/2018 16:00:00,264.22,269.2,263.62,266.91,10750411
6/15/2018 16:00:00,264.6,267.48,263.35,265.26,10806488
6/18/2018 16:00:00,263.48,265.8,262.38,265.09,8906674
6/19/2018 16:00:00,260.92,263.64,255.02,260.17,14873324
6/20/2018 16:00:00,261.83,264.45,260.28,262.31,9244494
6/21/2018 16:00:00,263.6,264.34,256.8,257.11,8987906
6/22/2018 16:00:00,257.95,258.49,250.33,250.95,10853954
6/25/2018 16:00:00,246.65,246.8,235.54,239.12,16645431
6/26/2018 16:00:00,243.7,245.65,239.91,241.99,11972137
6/27/2018 16:00:00,243.75,246.43,235.5,235.72,11347303
6/28/2018 16:00:00,235.32,241.34,235.01,240.86,8450297
6/29/2018 16:00:00,243.49,244,236.85,236.9,9807477
7/2/2018 16:00:00,234.09,242.39,233.26,242.24,8939348
7/3/2018 13:00:00,243.64,243.88,236.5,236.84,5568325
7/5/2018 16:00:00,239.07,242.93,237.5,242.73,7655448
7/6/2018 16:00:00,241.74,247.67,240.88,247.33,7408822
7/9/2018 16:00:00,250.33,250.72,246.07,249.25,7597022
7/10/2018 16:00:00,249.75,254.14,248.12,253.25,9000390
7/11/2018 16:00:00,249.5,250.9,247.1,247.53,9187660
7/12/2018 16:00:00,249.36,253.17,248.96,251.23,8637673
7/13/2018 16:00:00,251.98,251.98,247.62,249.32,6179078
7/16/2018 16:00:00,248.2,250.34,247.7,248.2,4925926
7/17/2018 16:00:00,246.21,254.3,245.18,253.69,9053395
7/18/2018 16:00:00,253.39,253.95,249.64,251.7,6941041
7/19/2018 16:00:00,250.94,253.39,250.33,252.03,5893783
7/20/2018 16:00:00,251.93,253.5,250.45,250.89,5562161
7/23/2018 16:00:00,249.82,249.89,243.28,249.41,7539621
7/24/2018 16:00:00,251.35,254.85,248,248.71,8865545
7/25/2018 16:00:00,249.09,252.38,246.75,251.87,8004551
7/26/2018 16:00:00,251.06,256.33,250.38,254.84,8128128
7/27/2018 16:00:00,256.32,256.6,249.84,252.02,7385535
7/30/2018 16:00:00,252.59,252.83,242.72,244.13,8508539
7/31/2018 16:00:00,243.71,247.88,242.14,244.86,7099696
8/1/2018 16:00:00,246.13,248.36,243.89,246.47,7088889
8/2/2018 16:00:00,243.59,250.78,241.21,250.62,6741689
8/3/2018 16:00:00,251.61,253.06,250.93,252.1,5357202
8/6/2018 16:00:00,251.59,254.17,249.71,254.03,5187665
8/7/2018 16:00:00,256,257.7,254.92,256.95,6453260
8/8/2018 16:00:00,257,260.24,255.59,258.42,6552462
8/9/2018 16:00:00,259.14,259.25,256.15,256.46,5106962
8/10/2018 16:00:00,253.15,256.1,252.7,254.79,6415668
8/13/2018 16:00:00,255.14,261,255.07,256.12,9380158
8/14/2018 16:00:00,260.38,262,257.02,261.43,11655486
8/15/2018 16:00:00,262.27,263.64,255.9,259.08,14778394
8/16/2018 16:00:00,261.9,262,255.01,257.44,20031476
8/17/2018 16:00:00,252.94,252.97,243.73,244.82,28579694
8/20/2018 16:00:00,243.18,253.2,238.72,247.84,21359655
8/21/2018 16:00:00,248.5,253.5,247.7,253.32,16849710
8/22/2018 16:00:00,252,263.02,251.86,262.82,18746422
8/23/2018 16:00:00,261.26,269.48,260.7,266.84,18017114
8/24/2018 16:00:00,267.18,272.81,267,272.22,13287762
8/27/2018 16:00:00,273.42,278.9,272.15,275.9,12644437
8/28/2018 16:00:00,275.66,276.58,269.53,274.38,11884595
8/29/2018 16:00:00,273.92,279.5,273.08,278.49,10502741
8/30/2018 16:00:00,277.23,281.72,276.32,277.81,8665230
8/31/2018 16:00:00,277,281.2,276.6,280.68,7664750
9/4/2018 16:00:00,280.15,285.22,279,283.7,9793027
9/5/2018 16:00:00,282.99,284.42,275.15,278.42,9828919
9/6/2018 16:00:00,277.76,277.86,271.39,272.72,8069889
9/7/2018 16:00:00,269,276.93,267.19,271.86,7385468
9/10/2018 16:00:00,272.77,275.93,271,274.73,5503457
9/11/2018 16:00:00,272.86,276.4,272.02,272.8,6077818
9/12/2018 16:00:00,271.19,271.98,261.92,268.2,10477259
9/13/2018 16:00:00,270.86,275,270.16,271.34,7638387
9/14/2018 16:00:00,274.99,279.1,273.5,276.43,9673380
9/17/2018 16:00:00,275.4,277.38,273.15,273.93,5138189
9/18/2018 16:00:00,274.09,278.24,270.75,271.02,7488023
9/19/2018 16:00:00,270.27,272.7,268.25,271.98,5621465
9/20/2018 16:00:00,267.05,268.76,264.1,266.28,10764569
9/21/2018 16:00:00,266.76,268.6,262.11,263.45,10878157
9/24/2018 16:00:00,262.2,265.84,258.68,265.7,7347826
9/25/2018 16:00:00,268.37,269.42,264.91,268.41,7009746
9/26/2018 16:00:00,268.61,270.24,266.28,266.92,6713688
9/27/2018 16:00:00,268.34,269.2,266.13,267.4,5360717
9/28/2018 16:00:00,272.73,281.92,271.6,281.02,17734914
10/1/2018 16:00:00,284.16,292.06,282.6,289.36,15551453
10/2/2018 16:00:00,288.25,292.76,285.58,286.48,9599118
10/3/2018 16:00:00,289.32,289.62,282.53,286.73,8013769
10/4/2018 16:00:00,285.27,286.25,276.18,279.29,9780489
10/5/2018 16:00:00,278.29,280.8,267.54,269.86,10665861
10/8/2018 16:00:00,266.5,271.16,260.08,265.77,10215265
10/9/2018 16:00:00,264.94,268.76,262.8,265.54,6837493
10/10/2018 16:00:00,261.26,263.11,245.6,245.69,17123454
10/11/2018 16:00:00,242.17,247.56,234.26,235.13,18135929
10/12/2018 16:00:00,245.51,249.54,239.65,246.54,15205917
10/15/2018 16:00:00,246,246,235.34,235.38,11244032
10/16/2018 16:00:00,239.93,246.28,237.94,245.83,10217795
10/17/2018 16:00:00,248.34,249.88,241.08,243.06,8241701
10/18/2018 16:00:00,245.86,247.41,237.09,239.53,13100548
10/19/2018 16:00:00,241.76,242.55,227.7,229.17,15340249
10/22/2018 16:00:00,231.28,235.32,227.07,231.22,9221091
10/23/2018 16:00:00,220.43,224.19,216.71,221.06,15660945
10/24/2018 16:00:00,219.51,221.39,198.85,199.41,22107199
10/25/2018 16:00:00,195.47,209.75,193.68,207.84,23793040
10/26/2018 16:00:00,198.31,204.84,193.12,198.29,16619628
10/29/2018 16:00:00,203.99,204.13,176.01,185.62,18950441
10/30/2018 16:00:00,186.55,203.4,185.62,203,20179768
10/31/2018 16:00:00,209.65,212.59,204.01,210.83,18644304
11/1/2018 16:00:00,212.3,218.49,207.19,218.11,14163208
11/2/2018 16:00:00,217.73,222,210.21,214.92,11324002
11/5/2018 16:00:00,214.39,215.33,205.28,211.77,9483260
11/6/2018 16:00:00,211.45,214.85,209.56,211.06,7475259
11/7/2018 16:00:00,213.75,217.41,211.18,213.79,12095301
11/8/2018 16:00:00,211.4,211.43,203.83,205.99,12783823
11/9/2018 16:00:00,202.4,209.32,201.04,205.67,10331049
11/12/2018 16:00:00,201.98,202.87,188.66,189.54,15427947
11/13/2018 16:00:00,193.49,204.21,193.24,199.31,16117775
11/14/2018 16:00:00,206.3,206.88,192.83,197.19,13164471
11/15/2018 16:00:00,196.95,205.3,195.5,202.39,21017716
11/16/2018 16:00:00,163.32,170.66,161.61,164.43,49087977
11/19/2018 16:00:00,161.79,161.82,144.63,144.7,42445505
11/20/2018 16:00:00,134.06,154.26,133.31,149.08,42300828
11/21/2018 16:00:00,154.62,155.3,143.61,144.71,25637350
11/23/2018 13:00:00,143.31,149.59,142.79,145,10299211
11/26/2018 16:00:00,149.89,153.47,146.56,153.05,20370806
11/27/2018 16:00:00,152,157.01,150.55,153.73,18451506
11/28/2018 16:00:00,158.48,160.28,153.13,160.07,20113137
11/29/2018 16:00:00,160,161.5,156.14,157.36,13729340
11/30/2018 16:00:00,157.75,163.86,155.72,163.43,18239114
12/3/2018 16:00:00,172.6,174.68,167.34,170.04,22270109
12/4/2018 16:00:00,168.24,168.44,156.5,157.11,20302787
12/6/2018 16:00:00,151.44,158.49,150.81,158.29,17307741
12/7/2018 16:00:00,158.46,158.87,145.62,147.61,17041949
12/10/2018 16:00:00,145.8,152.86,145.65,151.86,15736835
12/11/2018 16:00:00,155.56,155.89,145,148.19,16797832
12/12/2018 16:00:00,148.42,152.78,144.82,148.9,16353398
12/13/2018 16:00:00,150.79,153.38,147.44,148.89,11784624
12/14/2018 16:00:00,147.21,150.59,145.5,146.45,11795531
12/17/2018 16:00:00,145.24,148.15,141.24,143.58,16571683
12/18/2018 16:00:00,145.35,150.33,144.25,146.94,14109251
12/19/2018 16:00:00,145.58,147.74,136.43,138.51,18634147
12/20/2018 16:00:00,138.17,141.8,132.69,135.1,18739697
12/21/2018 16:00:00,136.17,137.5,128.46,129.57,21593525
12/24/2018 13:00:00,126.49,129.98,124.5,127.08,11595978
12/26/2018 16:00:00,128.94,133.14,124.46,133.1,17377484
12/27/2018 16:00:00,130.99,132.38,125.18,131.17,15926080
12/28/2018 16:00:00,132,137.39,130.31,133.65,15712319
12/31/2018 16:00:00,135.4,136.71,132.26,133.5,11628503
1/2/2019 16:00:00,130.64,138.48,130.05,136.22,12718840
1/3/2019 16:00:00,133.79,135.16,127.69,127.99,17638786
1/4/2019 16:00:00,130.94,137.73,129.7,136.19,14640483
1/7/2019 16:00:00,138.5,144.89,136.43,143.4,17728980
1/8/2019 16:00:00,146.69,146.78,136.9,139.83,19650429
1/9/2019 16:00:00,141.9,144.49,139.86,142.58,15431475
1/10/2019 16:00:00,141.8,145.58,139.36,145.23,13078906
1/11/2019 16:00:00,144.33,149.75,143.21,148.83,21869066
1/14/2019 16:00:00,146.72,151.46,145.77,150.44,18254249
1/15/2019 16:00:00,151.76,153.35,149.13,149.87,15425251
1/16/2019 16:00:00,150.97,152.3,148.62,148.84,11752592
1/17/2019 16:00:00,147.51,153.33,146.41,151.72,12335905
1/18/2019 16:00:00,153.73,157.98,151.65,156.93,16283423
1/22/2019 16:00:00,155.71,156.18,147.55,148.77,16538776
1/23/2019 16:00:00,151,154.58,148.03,149.29,14775545
1/24/2019 16:00:00,152.7,158.55,152.51,157.84,17724261
1/25/2019 16:00:00,155.44,160.88,151.3,160.15,28880547
1/28/2019 16:00:00,136.55,141.64,131,138.01,62788169
1/29/2019 16:00:00,136.15,138.1,131.01,131.6,28848347
1/30/2019 16:00:00,134.67,137.97,131.46,137.39,24355739
1/31/2019 16:00:00,137.26,145.19,136.38,143.75,21071338
2/1/2019 16:00:00,144.5,146.79,142.58,144.73,15626175
2/4/2019 16:00:00,145.37,150.68,144.48,149.18,13215018
2/5/2019 16:00:00,149.66,151.43,148.3,149.95,13560625
2/6/2019 16:00:00,151.29,155.6,151.07,153,17561647
2/7/2019 16:00:00,151.13,151.22,145.69,147.42,15928000
2/8/2019 16:00:00,144.71,148.6,144.13,148.17,11540137
2/11/2019 16:00:00,146.39,148.58,144.5,146.45,12379515
2/12/2019 16:00:00,148,151.8,147.42,151.17,14776513
2/13/2019 16:00:00,152.36,155.83,151.81,152.88,15134302
2/14/2019 16:00:00,152.84,155.67,151.1,154.53,20681574
2/15/2019 16:00:00,162.95,163.87,156.42,157.34,37918734
2/19/2019 16:00:00,156.91,159.89,156.14,156.64,13797316
2/20/2019 16:00:00,157.82,161.26,157.37,158.55,13524737
2/21/2019 16:00:00,159.06,160.05,155.18,155.77,11213668
2/22/2019 16:00:00,157.86,159.95,157.31,159.19,10043531
2/25/2019 16:00:00,162.56,165.28,158.34,158.69,16400481
2/26/2019 16:00:00,158.5,160.76,155.75,157.1,12211571
2/27/2019 16:00:00,156.52,157.59,153.11,155.41,12506381
2/28/2019 16:00:00,155,155.9,153.36,154.26,8123565
3/1/2019 16:00:00,156.27,158.15,153.92,156.45,8929678
3/4/2019 16:00:00,158,158.92,154.5,156.78,10249750
3/5/2019 16:00:00,156.15,158.06,153.96,156.52,9073119
3/6/2019 16:00:00,156.16,156.5,151.94,152.05,10088149
3/7/2019 16:00:00,151.1,151.49,147.4,149.26,11252633
3/8/2019 16:00:00,145.66,151.07,144.8,150.64,10560371
3/11/2019 16:00:00,151.59,162.06,149.69,161.14,21493150
3/12/2019 16:00:00,162.26,164.39,159.19,162.52,14489368
3/13/2019 16:00:00,164.03,169.8,163.73,168.62,19222518
3/14/2019 16:00:00,168.99,169.47,165.25,165.56,12984630
3/15/2019 16:00:00,167.3,171.53,167.16,169.81,16536482
3/18/2019 16:00:00,171.08,173.25,167.86,168.95,12174829
3/19/2019 16:00:00,172.76,177.5,172.08,175.71,21374310
3/20/2019 16:00:00,176.88,179.03,173,174.4,17978715
3/21/2019 16:00:00,175.33,185,175.13,183.94,20607767
3/22/2019 16:00:00,182.84,184.8,176.94,177.5,18691087
3/25/2019 16:00:00,175.86,178.45,171.11,173.78,13130301
3/26/2019 16:00:00,179.49,181.75,174.6,176.87,17587678
3/27/2019 16:00:00,177.9,179.77,173.7,176.5,11859294
3/28/2019 16:00:00,177.55,179.9,175.11,177.25,12006602
3/29/2019 16:00:00,179.94,180.54,177.91,179.56,11422379
4/1/2019 16:00:00,183.26,183.5,180.37,182.28,12095612
4/2/2019 16:00:00,183.25,184.79,181.52,183,11022996
4/3/2019 16:00:00,185,191,184.8,188.62,19719468
4/4/2019 16:00:00,188,189.97,185.73,188.26,11434419
4/5/2019 16:00:00,190,191.65,188.53,190.95,12043649
4/8/2019 16:00:00,189.72,192.8,188.75,191.79,10604848
4/9/2019 16:00:00,190.44,190.89,187.56,189.26,10999320
4/10/2019 16:00:00,189.23,193.14,189.05,192.1,11119307
4/11/2019 16:00:00,192.2,193.47,189.55,191.54,9365037
4/12/2019 16:00:00,193.1,193.26,189.66,190.01,11792664
4/15/2019 16:00:00,189.7,189.9,183.1,184.7,11002345
4/16/2019 16:00:00,186.28,188.97,184.96,188.21,9874091
4/17/2019 16:00:00,189.62,190.46,186.39,187.29,8775068
4/18/2019 16:00:00,187.56,188.93,185.18,186.3,9524704
4/22/2019 16:00:00,185.35,189.1,184.08,188.47,6998388
4/23/2019 16:00:00,189,191.93,188.61,190.67,8671381
4/24/2019 16:00:00,191.09,192.81,188.64,191.17,7955120
4/25/2019 16:00:00,189.55,190.45,183.7,186.91,12482437
4/26/2019 16:00:00,180.71,180.89,173.3,178.09,21724729
4/29/2019 16:00:00,178.41,180.45,175.5,179.33,9797983
4/30/2019 16:00:00,178.03,182.03,177.26,181,9073040
5/1/2019 16:00:00,183.11,184.81,180.46,180.47,8857031
5/2/2019 16:00:00,180.86,184.87,179.12,183.19,9867135
5/3/2019 16:00:00,183.53,183.93,180.53,183.01,8420587
5/6/2019 16:00:00,175.5,180.34,174,179.85,10554445
5/7/2019 16:00:00,177.9,177.9,171.17,173.11,13880458
5/8/2019 16:00:00,172,177.15,171.52,173.92,10479154
5/9/2019 16:00:00,171.14,171.53,165.4,170.19,16506164
5/10/2019 16:00:00,168.95,171.59,164,168.82,14237451
5/13/2019 16:00:00,163.5,164.43,157.81,158.45,16422819
5/14/2019 16:00:00,160.05,163.46,158.49,162.04,13121972
5/15/2019 16:00:00,159.8,161.05,157.41,159.58,12558001
5/16/2019 16:00:00,159.36,161.91,157.65,160.19,19527204
5/17/2019 16:00:00,158.5,163.71,154.94,156.53,25551698
5/20/2019 16:00:00,152.55,154.77,150.75,151.75,14301634
5/21/2019 16:00:00,154.2,155.7,152.64,155.06,9046247
5/22/2019 16:00:00,153.5,154.55,151.76,152.2,8146740
5/23/2019 16:00:00,149.69,149.69,144.91,147.32,14796109
5/24/2019 16:00:00,148.08,149.5,144.88,145.15,8939632
5/28/2019 16:00:00,145.86,147.18,143.25,143.33,10708852
5/29/2019 16:00:00,141.41,142.82,138.94,140.34,13995037
5/30/2019 16:00:00,140.31,141.75,137.57,139.11,9857490
5/31/2019 16:00:00,137.14,138.45,135.39,135.46,9742992
6/3/2019 16:00:00,135.91,137.47,132.6,133.78,11966080
6/4/2019 16:00:00,136.36,143.21,135.47,143,16045885
6/5/2019 16:00:00,145.97,146.19,139.82,141.28,12790385
6/6/2019 16:00:00,141.45,144.77,141.35,143.78,10203462
6/7/2019 16:00:00,144.02,146.88,143.25,145.5,8721438
6/10/2019 16:00:00,147.76,151.19,147.76,148.43,10069522
6/11/2019 16:00:00,150.84,152.36,149.16,150.75,9596751
6/12/2019 16:00:00,149,149.25,145.59,146.2,8972298
6/13/2019 16:00:00,147.09,149,146.38,148.26,7702027
6/14/2019 16:00:00,144.51,145.49,142.84,144.64,9860656
6/17/2019 16:00:00,144.57,146.52,143.65,145.03,6901037
6/18/2019 16:00:00,147.5,155.11,147.06,152.88,14547950
6/19/2019 16:00:00,154.3,154.76,152.07,153.12,8291099
6/20/2019 16:00:00,156.77,157.33,153.52,154.1,8754182
6/21/2019 16:00:00,153.5,155.48,151.5,151.76,10860672
6/24/2019 16:00:00,152.62,153.85,150.72,152.66,7073718
6/25/2019 16:00:00,152.86,155.88,151.37,151.48,7796661
6/26/2019 16:00:00,156.61,161.72,156.09,159.26,14601825
6/27/2019 16:00:00,162.71,164,161.26,163.23,11136038
6/28/2019 16:00:00,165,165.37,162.35,164.23,9941659
7/1/2019 16:00:00,172.57,173.95,164.66,166.17,17788327
7/2/2019 16:00:00,165.5,166.35,161.7,162.23,10005688
7/3/2019 13:00:00,163.17,163.4,160.34,162.75,6165856
7/5/2019 16:00:00,160.4,160.58,157.68,160.23,9913847
7/8/2019 16:00:00,157.83,158.59,156,157.21,8244669
7/9/2019 16:00:00,155.51,158.44,155,157.31,8571512
7/10/2019 16:00:00,159.06,162.37,158.5,160.06,11301899
7/11/2019 16:00:00,163,167.92,161.5,166.28,17063964
7/12/2019 16:00:00,167.4,170.47,167.4,167.61,12659816
7/15/2019 16:00:00,168.46,169.11,166.13,167.27,7245993
7/16/2019 16:00:00,166.67,168.17,164.84,167.08,8536098
7/17/2019 16:00:00,167.15,169.99,165.97,169.71,8705107
7/18/2019 16:00:00,170.13,172.71,167.85,170.18,11079474
7/19/2019 16:00:00,171.72,171.98,168.2,168.44,8622395
7/22/2019 16:00:00,169.3,171.84,169,171.32,7898498
7/23/2019 16:00:00,172.9,175.74,172.27,175.66,10704414
7/24/2019 16:00:00,177.4,178.89,174.34,178.66,9155937
7/25/2019 16:00:00,176.99,177.5,172.44,173.38,9817453
7/26/2019 16:00:00,174.47,176.95,174.47,175.07,6853997
7/29/2019 16:00:00,174.78,175.47,171.27,174.82,6204049
7/30/2019 16:00:00,172.95,175.94,172.37,175.45,4944261
7/31/2019 16:00:00,174.18,174.22,167.02,168.72,8985391
8/1/2019 16:00:00,169.14,172.78,162.82,164.92,10530314
8/2/2019 16:00:00,161.19,163.98,159.28,161.19,10708732
8/5/2019 16:00:00,153.8,153.85,148.9,150.79,14728936
8/6/2019 16:00:00,153.8,155.63,150.43,152.35,9031767
8/7/2019 16:00:00,149.9,154.37,149.2,153.89,9314045
8/8/2019 16:00:00,156.21,158.31,153.9,158.26,7732472
8/9/2019 16:00:00,156.61,156.75,152.15,154.18,8545418
8/12/2019 16:00:00,152.08,154.18,150.57,151.45,6980012
8/13/2019 16:00:00,151.39,157.9,149.82,156.05,9012811
8/14/2019 16:00:00,152.5,152.95,148.31,150.07,10497033
8/15/2019 16:00:00,150.83,151.63,147.39,148.77,13861551
8/16/2019 16:00:00,159.35,161.54,156.88,159.56,25384628
8/19/2019 16:00:00,164.12,171.42,163.47,170.78,20408061
8/20/2019 16:00:00,170.56,170.58,167.02,167.87,11588040
8/21/2019 16:00:00,170.53,173.45,169.66,171.23,10697773
8/22/2019 16:00:00,171.62,173.33,169.9,171.48,7593918
8/23/2019 16:00:00,168.4,170.59,161.64,162.44,14237433
8/26/2019 16:00:00,165.61,166.58,163.91,165.45,7964854
8/27/2019 16:00:00,166.99,167.1,160.62,161.8,7288739
8/28/2019 16:00:00,160.58,163.34,159,161.22,6395703
8/29/2019 16:00:00,164.9,168.3,164.76,167,8959326
8/30/2019 16:00:00,168.86,170.86,166.78,167.51,7272712
9/3/2019 16:00:00,164.58,165.91,163.25,164.17,7412770
9/4/2019 16:00:00,166.61,169.06,166.61,168.76,5703009
9/5/2019 16:00:00,172.87,179.99,172.8,179.74,17412125
9/6/2019 16:00:00,178.8,181.09,177.12,178.65,9424419
9/9/2019 16:00:00,179.9,183.98,179.84,180.5,10438133
9/10/2019 16:00:00,179.18,184.25,178.79,183.18,8820305
9/11/2019 16:00:00,183.77,186.27,182.6,184.33,9037782
9/12/2019 16:00:00,186.2,188.4,183.95,184.27,8196025
9/13/2019 16:00:00,181.59,183.08,180.18,181.94,8114787
9/16/2019 16:00:00,178.92,181.6,178.5,180.21,5795796
9/17/2019 16:00:00,180.48,181.24,178.61,181.07,5711828
9/18/2019 16:00:00,180.79,181.42,176.5,179.98,6600942
9/19/2019 16:00:00,180.22,180.96,176.51,176.94,6408569
9/20/2019 16:00:00,176.9,177.85,172.28,172.69,8931295
9/23/2019 16:00:00,172.7,176.67,172.55,174.84,6395647
9/24/2019 16:00:00,176.1,177.29,171.1,172.53,8031045
9/25/2019 16:00:00,172.51,179.02,170.71,178.23,7827672
9/26/2019 16:00:00,177.84,178.19,175.29,177.34,5945648
9/27/2019 16:00:00,175.66,177.7,169.32,171.76,9148974
9/30/2019 16:00:00,172.8,174.48,171.54,174.07,4829977
10/1/2019 16:00:00,175,181,173.81,174,9189150
10/2/2019 16:00:00,173.12,173.6,170.13,173.04,7391544
10/3/2019 16:00:00,173.22,181.56,172,181.31,11568265
10/4/2019 16:00:00,181.4,183.15,178.78,181.97,6699005
10/7/2019 16:00:00,184.58,188.34,184.23,184.33,12207839
10/8/2019 16:00:00,180.64,180.64,176.5,177.23,11233566
10/9/2019 16:00:00,180.32,182.7,179.16,180.71,7697082
10/10/2019 16:00:00,180.62,185.08,180.41,183.03,8187889
10/11/2019 16:00:00,186.41,189.34,185.65,185.99,11271668
10/14/2019 16:00:00,185.64,187.37,184.39,186.53,5258394
10/15/2019 16:00:00,190.16,199.29,189.6,196.37,16699633
10/16/2019 16:00:00,195,199.22,193.75,194.21,10818828
10/17/2019 16:00:00,196,197.81,192.1,194.29,6607924
10/18/2019 16:00:00,194.31,195.62,187.5,190.49,7690605
10/21/2019 16:00:00,192.96,196.55,192.2,196.01,6674181
10/22/2019 16:00:00,198.3,202.53,195.3,195.61,8434228
10/23/2019 16:00:00,192.31,195.66,191.03,195.09,7144250
10/24/2019 16:00:00,196.75,198.21,195.38,196.86,5975933
10/25/2019 16:00:00,200.1,205.38,199.79,204.54,10577288
10/28/2019 16:00:00,206.3,208.9,205.12,206.79,8269791
10/29/2019 16:00:00,206.23,206.49,202.14,202.92,5280920
10/30/2019 16:00:00,204,204.23,200.26,203,5149038
10/31/2019 16:00:00,202.16,203,197.81,201.02,5243315
11/1/2019 16:00:00,199.6,203.89,198.59,202.59,7090956
11/4/2019 16:00:00,205.85,211,204.92,210.5,9417905
11/5/2019 16:00:00,210.49,211.54,207.68,209.61,7521712
11/6/2019 16:00:00,208.64,209.67,204.11,207.63,6725335
11/7/2019 16:00:00,211.11,211.7,206.54,208.34,7008498
11/8/2019 16:00:00,207.66,209.05,206.15,207.78,4735187
11/11/2019 16:00:00,207.75,209.11,204.28,208.18,6094736
11/12/2019 16:00:00,209.72,211.86,208.31,209.61,7095971
11/13/2019 16:00:00,208.35,209.46,205.9,208.57,7559124
11/14/2019 16:00:00,208.93,209.88,206.52,209.79,13175171
11/15/2019 16:00:00,209.7,211.78,200.64,204.19,26355409
11/18/2019 16:00:00,203.89,213.35,203.77,212.28,14382963
11/19/2019 16:00:00,211.03,211.98,205.65,207.99,10384506
11/20/2019 16:00:00,207.07,214.55,206.56,211.18,11825438
11/21/2019 16:00:00,211,213.24,209.31,210.18,7209730
11/22/2019 16:00:00,211.09,212.96,209.94,210.89,5602470
11/25/2019 16:00:00,216.04,221.41,215.52,221.21,12683686
11/26/2019 16:00:00,220.5,220.69,216.74,217,9642023
11/27/2019 16:00:00,218.67,220.05,217.18,218.24,5410718
11/29/2019 13:00:00,217,218.14,215.78,216.74,3538924
12/2/2019 16:00:00,216.46,217,208.64,209.25,9346742
12/3/2019 16:00:00,201.87,207.82,200.37,207.66,11853653
12/4/2019 16:00:00,211.02,211.92,208.27,209.42,6840459
12/5/2019 16:00:00,210.3,210.93,207.51,208.74,4628444
12/6/2019 16:00:00,211.52,213.49,211.12,212.17,5810457
12/9/2019 16:00:00,211.25,214.37,210.9,212.17,5378320
12/10/2019 16:00:00,213.38,216.06,211.26,213.98,6417228
12/11/2019 16:00:00,214.4,217.56,214.3,217.34,5850247
12/12/2019 16:00:00,216.18,224.8,215.82,224.07,10152084
12/13/2019 16:00:00,224.19,228.98,221.82,223.99,11374183
12/16/2019 16:00:00,225.9,228.06,224.77,225.15,8032684
12/17/2019 16:00:00,225.9,229.2,225.52,228.29,8081598
12/18/2019 16:00:00,229.69,231.94,229.35,229.51,8606969
12/19/2019 16:00:00,230.9,236,230.7,235.46,11327674
12/20/2019 16:00:00,238.13,240.39,237.36,239.37,15084607
12/23/2019 16:00:00,240.52,241.81,238.39,238.82,8884815
12/24/2019 13:00:00,238.2,239.31,236.82,238.62,3471597
12/26/2019 16:00:00,238.76,240.32,238,239.19,4580451
12/27/2019 16:00:00,239.8,240.34,235.81,236.87,6370251
12/30/2019 16:00:00,235.99,236.2,231.06,232.32,6456178
12/31/2019 16:00:00,230.9,235.68,230.13,235.3,5780283
1/2/2020 16:00:00,238.75,239.91,236.72,239.91,5941969
1/3/2020 16:00:00,235.1,237.83,234.1,236.07,5144308
1/6/2020 16:00:00,232.32,237.27,231.27,237.06,6572812
1/7/2020 16:00:00,238.2,241.77,236.39,239.93,7980144
1/8/2020 16:00:00,239.76,242.04,238.15,240.38,6931017
1/9/2020 16:00:00,243.85,245.93,240.86,243.02,6386053
1/10/2020 16:00:00,247.33,248.55,243.75,244.32,7911560
1/13/2020 16:00:00,247.66,252.99,246.75,251.98,8008451
1/14/2020 16:00:00,250.26,251.28,246.75,247.28,8989483
1/15/2020 16:00:00,247.79,248.69,244.53,245.57,6577636
1/16/2020 16:00:00,247.72,249.17,246.78,248.93,7104791
1/17/2020 16:00:00,249.7,250,247.37,249.28,6344764
1/21/2020 16:00:00,247.81,249.29,246.57,247.94,5447925
1/22/2020 16:00:00,249.76,253.59,249,250.05,5980967
1/23/2020 16:00:00,251.72,253.2,248.15,252.86,6112861
1/24/2020 16:00:00,257.5,259.5,248.3,250.48,9337839
1/27/2020 16:00:00,238.24,242.25,232.23,240.2,11763354
1/28/2020 16:00:00,242.85,249.27,240.71,247.97,7774401
1/29/2020 16:00:00,247.39,248.84,243.94,245.54,6486279
1/30/2020 16:00:00,241.61,246.35,239.4,245.81,7262590
1/31/2020 16:00:00,243.97,244.45,234.75,236.43,9260493
2/3/2020 16:00:00,235.7,241.11,235.45,240.33,6398205
2/4/2020 16:00:00,246.03,247.9,244.02,247.13,6788589
2/5/2020 16:00:00,251.99,252.4,247.41,250.76,5205502
2/6/2020 16:00:00,252.14,254.25,248.88,254.25,5457051
2/7/2020 16:00:00,252.64,253.53,250.57,251.59,4743803
2/10/2020 16:00:00,252.5,263,252.3,262.97,13240194
2/11/2020 16:00:00,267.32,272.5,264.83,267.89,15963922
2/12/2020 16:00:00,270.01,272.8,268.45,272.54,9366118
2/13/2020 16:00:00,270.21,273.48,269.11,270.78,13200384
2/14/2020 16:00:00,287.26,294.97,286,289.79,26048093
2/18/2020 16:00:00,285.64,297.31,284.86,296.57,15547025
2/19/2020 16:00:00,301.49,315.41,301.49,314.7,17358281
2/20/2020 16:00:00,312.77,316.32,296.35,308.7,20251259
2/21/2020 16:00:00,304.19,305.2,290.66,294.07,19232331
2/24/2020 16:00:00,270.19,281.87,268,273.28,21422873
2/25/2020 16:00:00,276.3,278.79,257.96,262.05,26387442
2/26/2020 16:00:00,262.06,275.45,262,267.65,18741536
2/27/2020 16:00:00,254.9,267,248.89,252.6,22660373
2/28/2020 16:00:00,242.46,272.46,241.79,270.07,28366882
3/2/2020 16:00:00,276.9,277.59,261,276.43,22268639
3/3/2020 16:00:00,278.67,281.07,262.46,265.89,16319828
3/4/2020 16:00:00,270.2,284.89,267.2,284.51,14935184
3/5/2020 16:00:00,276.5,283.2,271.5,273.29,13508187
3/6/2020 16:00:00,266.08,268.39,258,266.04,12885307
3/9/2020 16:00:00,239.9,259.4,238.18,245.44,15353960
3/10/2020 16:00:00,256.54,261.08,245.99,261.08,14516218
3/11/2020 16:00:00,255.46,256.6,242.57,246.47,12551693
3/12/2020 16:00:00,225.46,236.12,215.8,216.31,20413535
3/13/2020 16:00:00,230.5,241.02,219.61,240.84,15870943
3/16/2020 16:00:00,212.41,226.1,194,196.4,18174303
3/17/2020 16:00:00,200.91,220.86,191,217.27,20840799
3/18/2020 16:00:00,200.1,209.94,180.68,202.82,21856657
3/19/2020 16:00:00,201.96,216.73,193.39,212.97,19137847
3/20/2020 16:00:00,219,230.32,205.13,205.75,20115854
3/23/2020 16:00:00,205.71,216.48,198.52,212.69,16096866
3/24/2020 16:00:00,229,252.66,228.05,249.18,27541095
3/25/2020 16:00:00,253.8,261.82,243.66,245.62,19835767
3/26/2020 16:00:00,253.94,262.22,250,257.24,17439692
3/27/2020 16:00:00,250,263.12,248.68,252.73,15970744
3/30/2020 16:00:00,255.36,265.96,253.59,265.59,15056253
3/31/2020 16:00:00,267.2,275.4,257.75,263.6,23749014
4/1/2020 16:00:00,255.65,261.53,241.28,243.07,16422828
4/2/2020 16:00:00,244.24,256,242.31,255.47,16894113
4/3/2020 16:00:00,253.96,255.63,238.39,243.91,16580346
4/6/2020 16:00:00,255.24,269.88,252.93,268.4,18197062
4/7/2020 16:00:00,277.3,278.25,257.3,259.03,19613047
4/8/2020 16:00:00,263.41,267.95,260.6,266.95,13561113
4/9/2020 16:00:00,272,272.92,260.42,262.95,13156195
4/13/2020 16:00:00,260.55,270.2,257,269.85,9960182
4/14/2020 16:00:00,275,285.32,273.89,283.95,13273667
4/15/2020 16:00:00,277.2,284.17,275.38,280.84,9153721
4/16/2020 16:00:00,287.08,299,286.55,294.7,18640510
4/17/2020 16:00:00,298,298.86,286.94,292.32,13478049
4/20/2020 16:00:00,287.24,293.5,285.27,287.05,11234705
4/21/2020 16:00:00,282.31,284.77,267.11,269.51,18378996
4/22/2020 16:00:00,277.23,287.87,275.4,286.15,12118228
4/23/2020 16:00:00,287.84,293.14,283,284.01,10603988
4/24/2020 16:00:00,283.6,289.67,280.6,289.59,8816137
4/27/2020 16:00:00,294.99,303.5,294,297.08,11984699
4/28/2020 16:00:00,303,304.2,291.14,291.36,11072603
4/29/2020 16:00:00,296.77,300.58,293.75,298.46,9479047
4/30/2020 16:00:00,296.29,298.46,291.72,292.28,9397943
5/1/2020 16:00:00,284.35,288.9,280.84,282.78,8552445
5/4/2020 16:00:00,280.88,291.84,280.88,291.29,7938880
5/5/2020 16:00:00,295.47,300.27,291.29,293.74,9222391
5/6/2020 16:00:00,296.93,302,295.41,297.79,8086639
5/7/2020 16:00:00,303.38,307.41,301.32,304.87,9343263
5/8/2020 16:00:00,307.75,312.75,306.39,312.5,8497678
5/11/2020 16:00:00,312.3,324.5,311.15,322.62,11726504
5/12/2020 16:00:00,324.94,326.9,311.71,312.1,12326482
5/13/2020 16:00:00,316.7,323.14,303.79,311.2,15646252
5/14/2020 16:00:00,313.67,321.44,307.5,321.22,15057809
5/15/2020 16:00:00,315.59,340.02,314.96,339.63,24691543
5/18/2020 16:00:00,350.42,356.66,347.22,350.01,19410086
5/19/2020 16:00:00,351.61,363.5,350.51,352.22,17933049
5/20/2020 16:00:00,359.64,361.72,355.55,358.8,14688405
5/21/2020 16:00:00,362.06,362.1,349.5,351.01,19026741
5/22/2020 16:00:00,353.01,363.72,348.53,361.05,25969125
5/26/2020 16:00:00,366.27,367.27,346.88,348.71,19269476
5/27/2020 16:00:00,345,345.31,319.87,341.01,29397306
5/28/2020 16:00:00,336.49,350.42,335.17,339.48,18403204
5/29/2020 16:00:00,342.18,355.02,339.4,355.02,18647994
6/1/2020 16:00:00,353.33,353.63,347.58,352.25,9762775
6/2/2020 16:00:00,351.85,353.49,346.32,353.01,9783014
6/3/2020 16:00:00,352.89,354.65,348,350.78,9135972
6/4/2020 16:00:00,349.12,357.73,347.1,350.66,10606960
6/5/2020 16:00:00,351.78,359.88,348.32,356.8,12043651
6/8/2020 16:00:00,355.09,355.59,347.43,352.2,9693431
6/9/2020 16:00:00,352,364.39,350.05,361.84,11712221
6/10/2020 16:00:00,366.71,380,366.14,374.67,15804537
6/11/2020 16:00:00,366,370.45,351.44,351.85,14591256
6/12/2020 16:00:00,366.5,367.49,348.13,357.3,14272704
6/15/2020 16:00:00,352.61,367.29,349.75,366.95,10000054
6/16/2020 16:00:00,369,370.67,353.55,362.74,13392875
6/17/2020 16:00:00,364.55,371.96,362.81,369.44,10207641
6/18/2020 16:00:00,369.08,371.3,364.58,368.72,6360238
6/19/2020 16:00:00,369.7,377.8,369.09,370.45,13104013
6/22/2020 16:00:00,372,381.25,370.93,381.07,9961662
6/23/2020 16:00:00,382.04,385.7,376.3,378,9377685
6/24/2020 16:00:00,379.05,382.26,365.78,369.42,11234272
6/25/2020 16:00:00,374.23,380.2,367.29,379.6,9401800
6/26/2020 16:00:00,380,380,365,366.2,14802144
6/29/2020 16:00:00,366.79,368.18,356,368,8556203
6/30/2020 16:00:00,372.56,381.05,370.66,379.91,9197300
7/1/2020 16:00:00,380.83,383.03,376.52,381.2,8166170
7/2/2020 16:00:00,385.56,389.5,383.13,384.49,9101352
7/6/2020 16:00:00,389.67,396.35,388.5,393.57,7897343
7/7/2020 16:00:00,397.85,402.8,394.03,394.87,8944993
7/8/2020 16:00:00,399.75,409,398.62,408.64,9137013
7/9/2020 16:00:00,415.21,422.8,409.34,420.36,12363680
7/10/2020 16:00:00,423.55,426.21,415.15,419.17,12441869
7/13/2020 16:00:00,423.8,431.69,401,402.09,11426874
7/14/2020 16:00:00,403,416.11,391.42,415.08,13566855
7/15/2020 16:00:00,416.57,417.32,402.23,409.09,10099623
7/16/2020 16:00:00,400.6,408.27,395.82,405.39,8624118
7/17/2020 16:00:00,409.02,409.94,403.51,408.06,6657116
7/20/2020 16:00:00,410.97,421.25,406.27,420.43,7121271
7/21/2020 16:00:00,420.52,422.4,411.47,413.14,6941671
7/22/2020 16:00:00,414.7,424.1,411.66,417.55,9182271
7/23/2020 16:00:00,418,421.88,401.25,405.19,10291532
7/24/2020 16:00:00,395,414.59,391.08,407.78,11832300
7/27/2020 16:00:00,409.29,417.67,408.71,416.86,7303255
7/28/2020 16:00:00,414.97,415.28,408.37,408.62,6790901
7/29/2020 16:00:00,415.63,420.65,413.88,418.62,7112692
7/30/2020 16:00:00,415,424.92,411.81,424.56,7722004
7/31/2020 16:00:00,422.53,430.66,417.32,424.59,9657150
8/3/2020 16:00:00,429.3,443.95,428.61,440.41,10325456
8/4/2020 16:00:00,442,449.11,436.24,449.11,7758390
8/5/2020 16:00:00,449.76,454.87,446.65,451.47,6262493
8/6/2020 16:00:00,453.99,454.32,447.15,453.42,6107892
8/7/2020 16:00:00,452.5,460.19,441.5,447.98,8562899
8/10/2020 16:00:00,453.37,456.33,434.26,446.6,10694898
8/11/2020 16:00:00,442.95,445.47,431.83,434,8862763
8/12/2020 16:00:00,439.63,458.68,438.33,457.61,11623573
8/13/2020 16:00:00,461.84,468.87,454.23,457.72,9361489
8/14/2020 16:00:00,461.2,468.19,457.62,462.56,9160904
8/17/2020 16:00:00,474.05,496.39,472.69,493.48,15532523
8/18/2020 16:00:00,498,499.84,483.45,490.43,12586155
8/19/2020 16:00:00,491.86,492.6,483.92,485.54,15565558
8/20/2020 16:00:00,479,495,475.15,485.64,23034656
8/21/2020 16:00:00,488.07,512.35,487.81,507.34,24996738
8/24/2020 16:00:00,515.35,516.5,500.3,508.81,12264105
8/25/2020 16:00:00,505.23,510.45,502.95,510,7226920
8/26/2020 16:00:00,511.97,514.74,507.11,510.92,8031073
8/27/2020 16:00:00,511.26,514,502.66,505.13,7940073
8/28/2020 16:00:00,507,525.92,505.7,525.91,13428963
8/31/2020 16:00:00,527.31,543,521.51,534.98,12521030
9/1/2020 16:00:00,539.2,559.75,537.46,552.84,12811849
9/2/2020 16:00:00,588.15,589.07,556,573.86,21850322
9/3/2020 16:00:00,553.15,555.38,515.15,520.62,23628151
9/4/2020 16:00:00,511.35,527,468.19,504.9,36592071
9/8/2020 16:00:00,469.38,502,468.17,476.52,19893237
9/9/2020 16:00:00,496,512.37,489.27,508.6,18404957
9/10/2020 16:00:00,519.57,522.61,486.68,492.47,17467111
9/11/2020 16:00:00,499.42,506.1,475.83,486.58,15923172
9/14/2020 16:00:00,523.24,532.6,505.25,514.89,30043624
9/15/2020 16:00:00,531.2,531.95,513.11,519.64,18188914
9/16/2020 16:00:00,518.29,523.71,500.55,500.58,13939985
9/17/2020 16:00:00,485.29,503.59,481.39,498.54,19812794
9/18/2020 16:00:00,503.75,505.3,479.55,487.57,17461548
9/21/2020 16:00:00,477,500.9,476.18,500.69,18026061
9/22/2020 16:00:00,503,505.92,486.22,505.51,16161302
9/23/2020 16:00:00,503.02,509.08,483.17,484.95,16175308
9/24/2020 16:00:00,482.89,502.78,480.56,493.92,18281008
9/25/2020 16:00:00,497.9,515.34,489.83,514.95,14700407
9/28/2020 16:00:00,521.61,522.07,510,521.4,14345228
9/29/2020 16:00:00,517.5,537.71,517.33,529.03,15575124
9/30/2020 16:00:00,526.3,544.9,526.01,541.22,17229603
10/1/2020 16:00:00,550.32,550.51,538.43,544.58,13125059
10/2/2020 16:00:00,529,540.78,522.04,522.49,13812397
10/5/2020 16:00:00,529.44,545.77,528.91,545.7,11995457
10/6/2020 16:00:00,553.2,565.68,546.6,549.46,19610496
10/7/2020 16:00:00,559.99,564.77,554.54,558.56,10452129
10/8/2020 16:00:00,563,563.38,550.32,553.55,9472522
10/9/2020 16:00:00,550.68,552.97,546.43,550.51,8672273
10/12/2020 16:00:00,559.58,573.88,556.5,569.04,10868595
10/13/2020 16:00:00,571.86,573.94,560.75,569.93,8615078
10/14/2020 16:00:00,571.62,573.71,558.4,563.81,6916178
10/15/2020 16:00:00,552.43,560.23,550.71,558.8,6680628
10/16/2020 16:00:00,561.47,564.86,551.7,552.46,6065990
10/19/2020 16:00:00,556.12,559.34,536.27,539.91,7451714
10/20/2020 16:00:00,543.34,551.99,540.28,545.82,5730301
10/21/2020 16:00:00,545,551.66,539.1,540.99,5489933
10/22/2020 16:00:00,540.9,544.47,529.27,534.44,7261986
10/23/2020 16:00:00,538,543.73,531.65,543.61,5837107
10/26/2020 16:00:00,537.08,547.71,521.54,525.65,8422358
10/27/2020 16:00:00,532.24,537.68,527.66,535.87,6262992
10/28/2020 16:00:00,527.92,530.4,504.36,505.08,9412952
10/29/2020 16:00:00,513.54,527.71,510,520.96,8002046
10/30/2020 16:00:00,514,517.46,492,501.36,10434900
11/2/2020 16:00:00,506.31,513.47,495.8,503.23,7491316
11/3/2020 16:00:00,508.34,524.2,504.11,520.78,6822527
11/4/2020 16:00:00,535.57,553.1,533.48,551.77,10255732
11/5/2020 16:00:00,566.5,573.56,559.64,566.4,7975708
11/6/2020 16:00:00,564.39,583.55,555.8,582.48,9583732
11/9/2020 16:00:00,582.1,587.66,544.43,545.23,14574447
11/10/2020 16:00:00,544.26,544.26,505.13,510.8,16101680
11/11/2020 16:00:00,522.15,537.4,517.93,536.72,10118586
11/12/2020 16:00:00,539.16,550.64,532.64,538.27,9165875
11/13/2020 16:00:00,545.09,546.75,522.37,531.88,8669058
11/16/2020 16:00:00,526.9,545.98,526.24,540.61,10344370
11/17/2020 16:00:00,542.1,543.85,532.15,536.89,7800699
11/18/2020 16:00:00,538.61,544.23,527.4,537.15,12773133
11/19/2020 16:00:00,528.51,539.5,524,537.61,14148355
11/20/2020 16:00:00,538.16,539.78,522.6,523.51,8527245
11/23/2020 16:00:00,526.85,535.3,520.62,525.6,9033855
11/24/2020 16:00:00,525.7,526.48,515.4,518.31,8662499
11/25/2020 16:00:00,521.3,530.78,520.8,529.39,6497910
11/27/2020 13:00:00,535,536.3,526.82,530.45,4181880
11/30/2020 16:00:00,530.6,536.5,518.89,536.06,7173800
12/1/2020 16:00:00,539.69,541.15,529.13,535.6,7439282
12/2/2020 16:00:00,534.02,546.94,529.37,541.78,7084030
12/3/2020 16:00:00,543.5,546.4,533.16,535.84,4988016
12/4/2020 16:00:00,537.94,542.4,535.55,542.33,5056085
12/7/2020 16:00:00,544.05,549.25,540,544.27,5581081
12/8/2020 16:00:00,543.4,543.95,531.26,534,6798022
12/9/2020 16:00:00,532.02,536.56,514.73,517.23,10032530
12/10/2020 16:00:00,514.76,522.75,513.98,518.89,5194118
12/11/2020 16:00:00,518.69,520.8,512.92,520.53,5231641
12/14/2020 16:00:00,523.52,535.55,523.1,532.35,6753947
12/15/2020 16:00:00,537.59,538.56,527.47,534.42,4837148
12/16/2020 16:00:00,536.9,537.49,528.5,529.7,5577867
12/17/2020 16:00:00,534.67,535.18,527.14,533.65,5784597
12/18/2020 16:00:00,535.16,536.2,522.82,530.88,8551616
12/21/2020 16:00:00,522.99,534.8,518.7,533.29,7558304
12/22/2020 16:00:00,532.77,533.49,522.16,531.13,4657872
12/23/2020 16:00:00,530.24,531,520.2,520.37,4478569
12/24/2020 13:00:00,521.49,525.3,517.55,519.75,2447088
12/28/2020 16:00:00,522.5,522.5,510.53,516,5314141
12/29/2020 16:00:00,517,522.9,513.69,517.73,4259304
12/30/2020 16:00:00,519.61,528.55,515.87,525.83,5634929
12/31/2020 16:00:00,525.46,526.04,516.6,522.2,4810610
1/4/2021 16:00:00,524.17,546.1,518.5,524.54,14016045
1/5/2021 16:00:00,523.99,537.74,523.48,536.19,8068998
1/6/2021 16:00:00,528.9,529.8,503.44,504.58,14510575
1/7/2021 16:00:00,518.7,535.11,515.46,533.76,11537037
1/8/2021 16:00:00,534.5,536.84,521.68,531.07,7313215
1/11/2021 16:00:00,536.75,558.44,534.5,544.86,12975720
1/12/2021 16:00:00,550.1,550.18,533.8,539.39,7286943
1/13/2021 16:00:00,539.6,545,535.4,541.27,5250711
1/14/2021 16:00:00,543,543.99,527.22,528.01,7078007
1/15/2021 16:00:00,529.12,533.01,513.94,514.38,6944532
1/19/2021 16:00:00,520.65,523.76,513.76,521.01,5654672
1/20/2021 16:00:00,524.47,537.22,522.27,534.63,6464272
1/21/2021 16:00:00,536.74,559.97,530.12,554.7,8458490
1/22/2021 16:00:00,549.6,553.67,545.09,548.5,6170464
1/25/2021 16:00:00,551.27,553.14,529.46,546.13,6277779
1/26/2021 16:00:00,543.22,545.79,535.5,537.41,4099510
1/27/2021 16:00:00,529.2,529.31,511.75,516.71,9281821
1/28/2021 16:00:00,519.85,533.59,518.42,522.04,5707899
1/29/2021 16:00:00,523,533.39,516.46,519.59,6788801
2/1/2021 16:00:00,522.13,530.83,516.11,529.48,5430108
2/2/2021 16:00:00,535.95,542.88,531.42,542.27,5510957
2/3/2021 16:00:00,545.44,557.27,540.66,541.22,6135232
2/4/2021 16:00:00,541.24,546.94,533.51,546.57,5033462
2/5/2021 16:00:00,549,549.49,541.83,543.64,4228841
2/8/2021 16:00:00,549.09,578.95,549.09,577.55,10865571
2/9/2021 16:00:00,573.63,583.33,568.9,570.53,7189003
2/10/2021 16:00:00,578.53,596.2,573.66,590.57,12133808
2/11/2021 16:00:00,599.21,610.89,597,610.03,11270693
2/12/2021 16:00:00,602,611.65,591,598.45,9368937
2/16/2021 16:00:00,602.57,614.9,598,613.21,8048988
2/17/2021 16:00:00,606.84,608.94,591.2,596.24,6892467
2/18/2021 16:00:00,589.16,594.93,583,593.16,5852020
2/19/2021 16:00:00,600.98,607.08,593.87,597.06,6793103
2/22/2021 16:00:00,590.99,605.33,573,574.23,8147139
2/23/2021 16:00:00,563.01,569.55,535.58,565.68,9794483
2/24/2021 16:00:00,564.91,580.27,550.24,579.96,11207977
2/25/2021 16:00:00,561.82,574.99,528.65,532.3,20610901
2/26/2021 16:00:00,550.1,554.18,534.44,548.58,12523260
3/1/2021 16:00:00,555,557,542.13,553.67,8829575
3/2/2021 16:00:00,556,556.82,535.84,536.25,6602853
3/3/2021 16:00:00,537.05,538.06,511.95,512.19,9439757
3/4/2021 16:00:00,512.03,519,483.35,494.81,14333629
3/5/2021 16:00:00,502,502,467.17,498.46,13570971
3/8/2021 16:00:00,498,498.85,462.66,463.73,13577792
3/9/2021 16:00:00,485.21,504.67,482.37,500.81,13045638
3/10/2021 16:00:00,513.62,519.2,498.3,498.73,9609414
3/11/2021 16:00:00,518,521.85,509.38,519.74,7497857
3/12/2021 16:00:00,505.93,515.55,503.6,514.24,6099099
3/15/2021 16:00:00,514.59,528.27,510.69,527.65,5563011
3/16/2021 16:00:00,534.26,540.5,524.67,531.65,6803240
3/17/2021 16:00:00,521.59,538.13,519.58,533.65,6096605
3/18/2021 16:00:00,525.46,527.36,508.68,508.9,7354702
3/19/2021 16:00:00,510,516.86,504.5,513.83,7480174
3/22/2021 16:00:00,516.51,535.78,516.27,527.45,7445077
3/23/2021 16:00:00,530.17,533.78,520.85,522.83,5551152
3/24/2021 16:00:00,526.05,526.37,505.47,505.72,6145963
3/25/2021 16:00:00,499.98,508.59,490.88,501.41,7378614
3/26/2021 16:00:00,502.18,514.25,494.94,513.57,9099224
3/29/2021 16:00:00,512.81,522.5,508,517.93,6837997
3/30/2021 16:00:00,513.68,519.01,508.2,514.87,5005062
3/31/2021 16:00:00,520.62,538.82,519.3,533.93,7869438
4/1/2021 16:00:00,542.89,554.8,540.45,552.47,7706865
4/5/2021 16:00:00,554.7,560.56,549.32,559.5,6391785
4/6/2021 16:00:00,559.99,562.17,550.94,554.46,4793649
4/7/2021 16:00:00,555.23,569.74,548.46,565.74,6282109
4/8/2021 16:00:00,570.11,578.86,569.96,572.68,6110373
4/9/2021 16:00:00,568.56,576.32,567,576,4879272
4/12/2021 16:00:00,571.59,614.1,565.57,608.36,21733050
4/13/2021 16:00:00,609.26,628,605.03,627.18,16905297
4/14/2021 16:00:00,625,628.82,609.1,611.08,9637548
4/15/2021 16:00:00,626.5,648.57,625.26,645.49,14962017
4/16/2021 16:00:00,642.12,646.63,634.61,636.5,8380189
4/19/2021 16:00:00,621.46,632.3,609.32,614.47,10110452
4/20/2021 16:00:00,612.93,619.88,598.52,606.85,8353326
4/21/2021 16:00:00,604.75,614.5,604.09,614.42,5419426
4/22/2021 16:00:00,615,617.54,591.34,594.01,6944657
4/23/2021 16:00:00,597.37,613.4,596.01,610.61,5694305
4/26/2021 16:00:00,607.4,619.16,605,619.12,4944927
4/27/2021 16:00:00,623.14,626.82,614.18,615.27,4114325
4/28/2021 16:00:00,614.58,621.29,608.62,611.07,5235405
4/29/2021 16:00:00,616,617.46,602.86,612.99,4329912
4/30/2021 16:00:00,606.98,614.6,599.88,600.38,5047752
5/3/2021 16:00:00,605,609.87,591.5,593.47,5097796
5/4/2021 16:00:00,585.49,585.5,560.41,574.05,10133120
5/5/2021 16:00:00,588.36,592.54,575.5,578.34,7300576
5/6/2021 16:00:00,579.81,582.85,568.72,580.92,4834523
5/7/2021 16:00:00,592.33,598.83,586.87,592.49,5733183
5/10/2021 16:00:00,591.49,592.24,570,570.63,6722595
5/11/2021 16:00:00,553,574.19,550,572.25,7139634
5/12/2021 16:00:00,560.38,570.41,548.37,550.34,7585233
5/13/2021 16:00:00,561.35,563.23,538.36,546.61,7143187
5/14/2021 16:00:00,555.6,573.12,549.94,569.72,6465375
5/17/2021 16:00:00,566.28,566.77,554.14,566.62,5424521
5/18/2021 16:00:00,570.68,576.17,560.16,560.63,4656356
5/19/2021 16:00:00,542.66,563.18,541.73,562.63,8599984
5/20/2021 16:00:00,572.1,587.35,570.82,584.5,8039798
5/21/2021 16:00:00,606.55,608.88,594.78,599.67,16824800
5/24/2021 16:00:00,608.5,629.8,607.04,624.48,13870405
5/25/2021 16:00:00,630.64,632.74,619.3,625.91,10885172
5/26/2021 16:00:00,629.37,631.75,623.45,628,9260966
5/27/2021 16:00:00,627.99,630,618.4,619.52,14536880
5/28/2021 16:00:00,620.04,651.1,620.04,649.78,16113390
6/1/2021 16:00:00,650.8,655.53,636.13,650.58,11820075
6/2/2021 16:00:00,650.09,676.75,649.42,671.13,14854189
6/3/2021 16:00:00,668.03,690.36,663.32,678.79,14500170
6/4/2021 16:00:00,684.5,706.44,683.82,703.13,15428007
6/7/2021 16:00:00,702.85,712.5,687.71,704.76,14393873
6/8/2021 16:00:00,701.09,704.86,690.04,698.28,8096169
6/9/2021 16:00:00,700.63,703,690.23,694.33,9541437
6/10/2021 16:00:00,694,699.68,687.04,697,7194261
6/11/2021 16:00:00,699.18,717.57,697.75,713.01,10407691
6/14/2021 16:00:00,716.24,721.58,706.51,720.75,8034357
6/15/2021 16:00:00,716.6,720.65,709.12,711.54,6075761
6/16/2021 16:00:00,711.63,718.19,703.38,712.41,7678065
6/17/2021 16:00:00,710.98,753.4,710.25,746.29,20241372
6/18/2021 16:00:00,751.36,775,743.36,745.55,24221357
6/21/2021 16:00:00,737.41,741.46,712.91,737.09,16809554
6/22/2021 16:00:00,738.86,758.55,735.44,755.47,14503639
6/23/2021 16:00:00,760.31,766.11,756.31,762.29,8308926
6/24/2021 16:00:00,769.11,776.8,763.53,768.22,8023060